sub_dir,.param cbn,.param cbp,D0,D1,D2,D3
,590m,980m,6.125106e-11,1.994647e-10,6.012140e-11,2.021423e-10
run_650_460,650m,460m,5.184829e-11,2.793308e-10,5.184829e-11,2.793311e-10
run_520_820,520m,820m,6.555400e-11,2.332787e-10,6.555400e-11,2.332787e-10
run_580_580,580m,580m,5.791163e-11,2.607915e-10,5.866628e-11,2.578762e-10
run_580_560,580m,560m,5.851587e-11,2.637279e-10,5.851588e-11,2.637280e-10
run_530_560,530m,560m,6.184718e-11,2.749229e-10,6.265462e-11,2.718173e-10
run_640_560,640m,560m,5.590768e-11,2.588039e-10,5.590768e-11,2.588040e-10
run_570_1000,570m,1000m,6.349052e-11,2.123766e-10,6.349052e-11,2.123765e-10
run_590_900,590m,900m,6.040998e-11,2.153820e-10,6.040998e-11,2.153820e-10
run_550_740,550m,740m,6.696516e-11,2.454589e-10,6.696516e-11,2.454589e-10
run_510_460,510m,460m,6.338581e-11,3.099319e-10,6.422452e-11,3.058364e-10
run_660_780,660m,780m,5.326351e-11,2.153062e-10,5.326351e-11,2.153062e-10
run_530_880,530m,880m,6.484376e-11,2.175754e-10,6.408458e-11,2.209007e-10
run_660_680,660m,680m,5.271518e-11,2.268206e-10,5.271518e-11,2.268206e-10
run_480_520,480m,520m,6.892780e-11,2.992003e-10,6.892780e-11,2.992006e-10
run_590_600,590m,600m,5.852363e-11,2.529293e-10,5.852363e-11,2.529294e-10
run_530_820,530m,820m,6.445825e-11,2.313453e-10,6.445826e-11,2.313453e-10
run_580_440,580m,440m,5.767308e-11,3.074428e-10,5.767308e-11,3.074432e-10
run_550_600,550m,600m,6.515122e-11,2.689294e-10,6.598718e-11,2.659684e-10
run_630_880,630m,880m,5.797284e-11,2.126414e-10,5.797284e-11,2.126413e-10
run_430_760,430m,760m,7.980223e-11,2.652975e-10,7.886208e-11,2.690733e-10
run_580_700,580m,700m,5.942230e-11,2.365639e-10,5.942231e-11,2.365639e-10
run_460_500,460m,500m,7.198547e-11,3.145911e-10,7.198547e-11,3.145913e-10
run_620_420,620m,420m,5.522520e-11,3.151106e-10,5.522520e-11,3.151110e-10
run_630_920,630m,920m,5.819360e-11,2.090090e-10,5.819360e-11,2.090089e-10
run_540_1000,540m,1000m,6.447177e-11,2.138934e-10,6.447177e-11,2.138933e-10
run_540_880,540m,880m,6.378762e-11,2.233125e-10,6.378762e-11,2.233125e-10
run_520_800,520m,800m,6.541058e-11,2.353351e-10,6.541058e-11,2.353352e-10
run_660_800,660m,800m,5.338205e-11,2.132701e-10,5.338205e-11,2.132701e-10
run_490_720,490m,720m,6.896067e-11,2.510056e-10,6.896067e-11,2.510057e-10
run_440_480,440m,480m,7.541097e-11,3.304942e-10,7.541097e-11,3.304943e-10
run_600_980,600m,980m,6.060309e-11,2.078593e-10,6.060309e-11,2.078593e-10
run_650_840,650m,840m,5.391302e-11,2.087602e-10,5.391302e-11,2.087602e-10
run_530_720,530m,720m,6.375424e-11,2.416996e-10,6.375424e-11,2.416996e-10
run_640_680,640m,680m,5.663411e-11,2.338176e-10,5.663411e-11,2.338176e-10
run_520_560,520m,560m,6.369554e-11,2.731289e-10,6.369554e-11,2.731291e-10
run_510_480,510m,480m,6.435991e-11,3.033741e-10,6.435991e-11,3.033744e-10
run_580_460,580m,460m,5.781891e-11,2.959729e-10,5.781891e-11,2.959733e-10
run_450_620,450m,620m,7.474928e-11,2.799967e-10,7.474928e-11,2.799969e-10
run_580_920,580m,920m,6.079684e-11,2.140292e-10,6.079684e-11,2.140291e-10
run_460_440,460m,440m,7.144729e-11,3.398875e-10,7.144729e-11,3.398877e-10
run_560_680,560m,680m,6.389882e-11,2.477938e-10,6.389883e-11,2.477938e-10
run_430_780,430m,780m,7.997042e-11,2.632186e-10,7.997042e-11,2.632187e-10
run_640_540,640m,540m,5.578731e-11,2.620113e-10,5.578731e-11,2.620114e-10
run_650_800,650m,800m,5.370165e-11,2.137786e-10,5.370165e-11,2.137786e-10
run_500_720,500m,720m,6.751693e-11,2.484515e-10,6.751693e-11,2.484515e-10
run_540_720,540m,720m,6.271671e-11,2.398037e-10,6.271672e-11,2.398037e-10
run_630_680,630m,680m,5.675831e-11,2.341836e-10,5.675831e-11,2.341836e-10
run_550_820,550m,820m,6.754508e-11,2.372331e-10,6.754508e-11,2.372331e-10
run_640_780,640m,780m,5.725955e-11,2.225330e-10,5.725955e-11,2.225330e-10
run_590_680,590m,680m,5.902351e-11,2.386719e-10,5.902351e-11,2.386719e-10
run_540_920,540m,920m,6.403477e-11,2.197438e-10,6.403477e-11,2.197437e-10
run_590_540,590m,540m,,,,
run_600_420,600m,420m,5.706645e-11,3.198671e-10,5.706646e-11,3.198675e-10
run_660_720,660m,720m,5.292165e-11,2.217944e-10,5.292165e-11,2.217944e-10
run_570_860,570m,860m,6.270110e-11,2.238036e-10,6.270110e-11,2.238036e-10
run_530_940,530m,940m,6.522050e-11,2.199861e-10,6.522050e-11,2.199861e-10
run_620_560,620m,560m,5.617633e-11,2.595667e-10,5.617633e-11,2.595668e-10
run_580_780,580m,780m,5.994592e-11,2.277926e-10,5.994592e-11,2.277926e-10
run_610_480,610m,480m,5.582228e-11,2.795649e-10,5.582228e-11,2.795653e-10
run_610_960,610m,960m,5.875012e-11,2.059296e-10,5.875012e-11,2.059296e-10
run_600_860,600m,860m,5.995032e-11,2.189522e-10,5.995033e-11,2.189522e-10
run_630_720,630m,720m,5.701522e-11,2.292533e-10,5.701523e-11,2.292533e-10
run_440_760,440m,760m,7.778728e-11,2.560141e-10,7.688041e-11,2.594320e-10
run_560_960,560m,960m,6.575541e-11,2.186357e-10,6.575542e-11,2.186357e-10
run_470_620,470m,620m,7.130036e-11,2.722959e-10,7.130036e-11,2.722961e-10
run_610_920,610m,920m,5.854522e-11,2.099623e-10,5.854522e-11,2.099622e-10
run_490_540,490m,540m,6.760010e-11,2.884881e-10,6.760010e-11,2.884884e-10
run_470_540,470m,540m,7.066960e-11,2.972737e-10,7.066960e-11,2.972740e-10
run_500_560,500m,560m,6.632888e-11,2.787451e-10,6.632888e-11,2.787454e-10
run_420_460,420m,460m,7.927741e-11,3.472305e-10,7.927741e-11,3.472306e-10
run_480_980,480m,980m,7.232062e-11,2.272801e-10,7.232062e-11,2.272801e-10
run_640_720,640m,720m,5.688976e-11,2.288862e-10,5.688976e-11,2.288862e-10
run_590_920,590m,920m,6.052545e-11,2.136484e-10,6.052545e-11,2.136483e-10
run_510_1000,510m,1000m,6.799590e-11,2.197892e-10,6.799590e-11,2.197892e-10
run_630_860,630m,860m,5.786208e-11,2.146581e-10,5.786209e-11,2.146581e-10
run_420_540,420m,540m,7.906769e-11,3.097356e-10,8.036823e-11,3.041375e-10
run_430_620,430m,620m,7.861904e-11,2.918695e-10,7.861904e-11,2.918697e-10
run_460_700,460m,700m,7.361133e-11,2.575789e-10,7.275235e-11,2.612835e-10
run_430_680,430m,680m,7.814064e-11,2.724186e-10,7.914202e-11,2.699352e-10
run_630_480,630m,480m,5.478038e-11,2.857696e-10,5.572015e-11,2.795037e-10
run_640_460,640m,460m,5.524551e-11,2.886303e-10,5.524551e-11,2.886307e-10
run_530_640,530m,640m,6.316192e-11,2.529995e-10,6.316192e-11,2.529996e-10
run_430_920,430m,920m,8.107188e-11,2.478705e-10,8.107188e-11,2.478706e-10
run_450_680,450m,680m,7.522256e-11,2.678606e-10,7.522256e-11,2.678607e-10
run_470_740,470m,740m,7.224128e-11,2.541758e-10,7.224128e-11,2.541759e-10
run_420_800,420m,800m,8.129084e-11,2.676810e-10,8.230061e-11,2.663884e-10
run_530_660,530m,660m,6.331269e-11,2.494899e-10,6.331269e-11,2.494899e-10
run_640_520,640m,520m,5.565477e-11,2.663114e-10,5.565477e-11,2.663116e-10
run_450_720,450m,720m,7.556115e-11,2.627436e-10,7.556115e-11,2.627437e-10
run_540_660,540m,660m,6.151148e-11,2.507916e-10,6.230376e-11,2.490357e-10
run_590_440,590m,440m,5.742296e-11,3.071123e-10,5.742296e-11,3.071127e-10
run_640_440,640m,440m,5.510660e-11,3.006853e-10,5.510660e-11,3.006857e-10
run_480_480,480m,480m,6.858821e-11,3.143534e-10,6.858821e-11,3.143537e-10
run_610_700,610m,700m,5.722703e-11,2.326655e-10,5.722704e-11,2.326655e-10
run_490_560,490m,560m,6.774947e-11,2.831363e-10,6.774947e-11,2.831366e-10
run_620_1000,620m,1000m,5.874374e-11,2.036065e-10,5.874374e-11,2.036065e-10
run_430_500,430m,500m,7.756793e-11,3.279899e-10,7.756793e-11,3.279901e-10
run_510_700,510m,700m,6.599622e-11,2.484834e-10,6.599622e-11,2.484834e-10
run_420_580,420m,580m,8.039606e-11,3.092642e-10,8.039606e-11,3.092643e-10
run_460_720,460m,720m,7.377386e-11,2.548603e-10,7.291535e-11,2.585045e-10
run_620_740,620m,740m,5.729416e-11,2.274089e-10,5.729416e-11,2.274089e-10
run_550_680,550m,680m,6.651791e-11,2.527272e-10,6.651792e-11,2.527273e-10
run_630_560,630m,560m,5.602812e-11,2.591521e-10,5.602813e-11,2.591522e-10
run_620_880,620m,880m,5.813153e-11,2.130792e-10,5.813153e-11,2.130791e-10
run_650_760,650m,760m,5.346432e-11,2.177909e-10,5.346432e-11,2.177909e-10
run_500_1000,500m,1000m,6.940358e-11,2.220528e-10,6.940358e-11,2.220527e-10
run_460_900,460m,900m,7.515463e-11,2.401766e-10,7.515463e-11,2.401766e-10
run_530_620,530m,620m,6.227192e-11,2.605523e-10,6.307860e-11,2.584707e-10
run_610_860,610m,860m,5.821021e-11,2.156024e-10,5.821021e-11,2.156023e-10
run_500_480,500m,480m,6.569688e-11,3.069487e-10,6.569688e-11,3.069490e-10
run_560_540,560m,540m,6.293438e-11,2.756883e-10,6.293439e-11,2.756885e-10
run_660_820,660m,820m,5.350073e-11,2.111758e-10,5.350073e-11,2.111758e-10
run_450_640,450m,640m,7.395274e-11,2.784001e-10,7.491769e-11,2.756049e-10
run_470_820,470m,820m,7.286872e-11,2.457873e-10,7.286872e-11,2.457874e-10
run_520_940,520m,940m,6.632941e-11,2.218840e-10,6.632941e-11,2.218840e-10
run_510_680,510m,680m,6.584170e-11,2.509329e-10,6.584170e-11,2.509329e-10
run_500_680,500m,680m,6.720854e-11,2.533969e-10,6.720854e-11,2.533970e-10
run_500_940,500m,940m,6.906590e-11,2.264313e-10,6.906590e-11,2.264313e-10
run_660_900,660m,900m,5.392913e-11,2.028183e-10,5.392913e-11,2.028183e-10
run_660_1000,660m,1000m,5.440071e-11,1.950031e-10,5.440071e-11,1.950030e-10
run_540_540,540m,540m,6.147911e-11,2.724750e-10,6.147911e-11,2.724752e-10
run_570_420,570m,420m,5.967487e-11,3.256725e-10,5.967487e-11,3.256728e-10
run_530_480,530m,480m,6.125135e-11,2.974932e-10,6.205799e-11,2.935340e-10
run_590_860,590m,860m,6.017828e-11,2.192403e-10,6.017828e-11,2.192403e-10
run_510_440,510m,440m,6.403447e-11,3.231022e-10,6.403448e-11,3.231025e-10
run_560_780,560m,780m,6.461005e-11,2.365091e-10,6.461005e-11,2.365091e-10
run_590_560,590m,560m,5.826052e-11,2.634429e-10,5.826053e-11,2.634430e-10
run_510_620,510m,620m,6.541888e-11,2.614832e-10,6.541888e-11,2.614833e-10
run_430_480,430m,480m,7.737885e-11,3.349519e-10,7.737885e-11,3.349520e-10
run_560_520,560m,520m,6.278448e-11,2.819754e-10,6.278448e-11,2.819758e-10
run_420_820,420m,820m,8.127054e-11,2.617317e-10,8.238076e-11,2.636387e-10
run_450_540,450m,540m,7.409406e-11,3.064929e-10,7.409406e-11,3.064931e-10
run_530_840,530m,840m,6.457080e-11,2.282786e-10,6.457080e-11,2.282786e-10
run_450_920,450m,920m,7.711209e-11,2.412844e-10,7.711209e-11,2.412844e-10
run_450_740,450m,740m,7.480744e-11,2.581920e-10,7.778266e-11,2.511595e-10
run_430_740,430m,740m,7.963280e-11,2.675791e-10,7.963280e-11,2.675792e-10
run_450_420,450m,420m,7.300383e-11,3.542192e-10,7.300383e-11,3.542194e-10
run_650_700,650m,700m,5.310314e-11,2.247845e-10,5.310314e-11,2.247845e-10
run_510_900,510m,900m,6.740437e-11,2.274786e-10,6.740437e-11,2.274786e-10
run_620_500,620m,500m,5.578438e-11,2.721486e-10,5.578438e-11,2.721488e-10
run_430_940,430m,940m,8.122184e-11,2.460523e-10,8.122183e-11,2.460523e-10
run_610_940,610m,940m,5.865641e-11,2.083172e-10,5.865641e-11,2.083172e-10
run_450_940,450m,940m,7.725676e-11,2.395470e-10,7.725676e-11,2.395470e-10
run_440_880,440m,880m,7.873744e-11,2.483891e-10,7.873744e-11,2.483892e-10
run_580_500,580m,500m,5.736455e-11,2.828814e-10,5.812251e-11,2.791933e-10
run_440_420,440m,420m,7.484612e-11,3.578799e-10,7.484612e-11,3.578800e-10
run_530_520,530m,520m,6.234381e-11,2.797486e-10,6.234381e-11,2.797490e-10
run_550_760,550m,760m,6.711046e-11,2.433044e-10,6.711046e-11,2.433044e-10
run_630_780,630m,780m,5.738683e-11,2.229010e-10,5.738683e-11,2.229010e-10
run_460_860,460m,860m,7.486821e-11,2.442728e-10,7.427762e-11,2.474348e-10
run_440_780,440m,780m,7.795225e-11,2.595026e-10,7.795225e-11,2.595027e-10
run_600_720,600m,720m,5.906968e-11,2.335053e-10,5.906968e-11,2.335053e-10
run_460_420,460m,420m,7.036597e-11,3.468710e-10,7.131026e-11,3.422752e-10
run_580_800,580m,800m,6.007618e-11,2.258147e-10,6.007618e-11,2.258146e-10
run_520_500,520m,500m,6.324628e-11,2.910943e-10,6.324628e-11,2.910947e-10
run_560_900,560m,900m,6.539963e-11,2.243726e-10,6.539963e-11,2.243726e-10
run_490_440,490m,440m,6.676552e-11,3.295372e-10,6.676552e-11,3.295374e-10
run_430_440,430m,440m,7.699557e-11,3.515003e-10,7.699557e-11,3.515004e-10
run_550_560,550m,560m,6.565971e-11,2.777783e-10,6.565971e-11,2.777786e-10
run_490_760,490m,760m,6.926492e-11,2.465397e-10,6.926493e-11,2.465398e-10
run_450_580,450m,580m,7.442602e-11,2.928720e-10,7.442602e-11,2.928723e-10
run_650_560,650m,560m,5.238895e-11,2.527028e-10,5.238895e-11,2.527029e-10
run_490_640,490m,640m,6.832229e-11,2.624397e-10,6.832230e-11,2.624398e-10
run_570_700,570m,700m,6.163871e-11,2.407912e-10,6.163871e-11,2.407912e-10
run_530_680,530m,680m,6.346258e-11,2.465974e-10,6.346258e-11,2.465975e-10
run_590_420,590m,420m,5.727721e-11,3.200471e-10,5.727721e-11,3.200474e-10
run_540_760,540m,760m,6.299437e-11,2.354223e-10,6.299437e-11,2.354223e-10
run_620_620,620m,620m,5.655136e-11,2.452489e-10,5.655136e-11,2.452489e-10
run_550_780,550m,780m,6.725479e-11,2.413417e-10,6.725479e-11,2.413417e-10
run_540_820,540m,820m,6.340870e-11,2.294727e-10,6.340870e-11,2.294727e-10
run_480_900,480m,900m,7.181278e-11,2.347458e-10,7.181278e-11,2.347458e-10
run_610_640,610m,640m,5.682585e-11,2.415877e-10,5.682585e-11,2.415877e-10
run_660_960,660m,960m,5.422577e-11,1.967963e-10,5.422577e-11,1.967962e-10
run_560_920,560m,920m,6.552467e-11,2.226394e-10,6.552467e-11,2.226394e-10
run_620_760,620m,760m,5.741870e-11,2.252778e-10,5.741871e-11,2.252778e-10
run_430_640,430m,640m,7.874673e-11,2.850789e-10,7.874673e-11,2.850790e-10
run_600_960,600m,960m,6.050631e-11,2.093417e-10,6.050631e-11,2.093417e-10
run_570_640,570m,640m,6.120676e-11,2.496506e-10,6.120677e-11,2.496506e-10
run_620_980,620m,980m,5.865042e-11,2.039346e-10,5.865042e-11,2.039345e-10
run_420_720,420m,720m,8.040325e-11,2.665288e-10,8.152294e-11,2.674445e-10
run_600_820,600m,820m,5.971339e-11,2.231359e-10,5.971339e-11,2.231359e-10
run_600_760,600m,760m,5.932795e-11,2.291047e-10,5.932795e-11,2.291047e-10
run_510_520,510m,520m,6.467951e-11,2.869872e-10,6.467951e-11,2.869875e-10
run_430_700,430m,700m,7.929017e-11,2.726636e-10,7.929017e-11,2.726637e-10
run_570_940,570m,940m,6.318413e-11,2.166139e-10,6.318413e-11,2.166139e-10
run_470_860,470m,860m,7.315782e-11,2.414243e-10,7.315782e-11,2.414243e-10
run_590_940,590m,940m,6.064067e-11,2.120238e-10,6.064067e-11,2.120237e-10
run_560_880,560m,880m,6.527428e-11,2.262358e-10,6.527428e-11,2.262358e-10
run_420_760,420m,760m,8.194591e-11,2.694147e-10,8.155220e-11,2.719061e-10
run_540_740,540m,740m,6.285594e-11,2.375393e-10,6.285595e-11,2.375393e-10
run_420_420,420m,420m,7.888311e-11,3.658716e-10,7.888311e-11,3.658716e-10
run_560_660,560m,660m,6.374953e-11,2.507019e-10,6.374953e-11,2.507019e-10
run_610_460,610m,460m,5.568205e-11,2.905458e-10,5.568205e-11,2.905462e-10
run_420_520,420m,520m,7.885524e-11,3.141239e-10,7.988453e-11,3.104115e-10
run_630_580,630m,580m,5.615688e-11,2.531108e-10,5.615688e-11,2.531109e-10
run_460_880,460m,880m,7.501164e-11,2.421466e-10,7.501164e-11,2.421466e-10
run_440_720,440m,720m,7.745375e-11,2.662239e-10,7.745375e-11,2.662239e-10
run_650_620,650m,620m,5.269109e-11,2.380855e-10,5.269109e-11,2.380855e-10
run_570_620,570m,620m,6.110506e-11,2.537744e-10,6.110506e-11,2.537745e-10
run_530_700,530m,700m,6.361156e-11,2.441606e-10,6.361156e-11,2.441606e-10
run_500_800,500m,800m,6.811180e-11,2.400434e-10,6.811180e-11,2.400434e-10
run_590_740,590m,740m,5.942229e-11,2.314942e-10,5.942229e-11,2.314942e-10
run_540_480,540m,480m,6.102910e-11,2.940523e-10,6.102911e-11,2.940527e-10
run_610_780,610m,780m,5.772971e-11,2.238406e-10,5.772972e-11,2.238405e-10
run_460_940,460m,940m,7.543934e-11,2.366386e-10,7.543934e-11,2.366386e-10
run_520_580,520m,580m,6.384412e-11,2.671974e-10,6.384412e-11,2.671976e-10
run_470_700,470m,700m,7.192335e-11,2.590509e-10,7.192335e-11,2.590510e-10
run_580_620,580m,620m,5.890779e-11,2.495595e-10,5.890780e-11,2.495595e-10
run_650_680,650m,680m,5.297970e-11,2.272848e-10,5.297970e-11,2.272848e-10
run_530_740,530m,740m,6.389592e-11,2.394309e-10,6.389592e-11,2.394310e-10
run_450_800,450m,800m,7.621296e-11,2.539867e-10,7.621296e-11,2.539867e-10
run_450_700,450m,700m,7.539559e-11,2.604705e-10,7.451511e-11,2.641122e-10
run_600_640,600m,640m,5.852756e-11,2.448721e-10,5.852756e-11,2.448721e-10
run_440_660,440m,660m,7.693108e-11,2.744088e-10,7.693108e-11,2.744089e-10
run_480_580,480m,580m,6.940706e-11,2.778432e-10,6.940706e-11,2.778435e-10
run_640_880,640m,880m,5.784278e-11,2.122691e-10,5.784278e-11,2.122690e-10
run_640_640,640m,640m,5.637011e-11,2.402933e-10,5.637011e-11,2.402933e-10
run_620_640,620m,640m,5.664384e-11,2.410855e-10,5.664384e-11,2.410855e-10
run_490_580,490m,580m,6.790717e-11,2.747124e-10,6.790717e-11,2.747126e-10
run_660_660,660m,660m,5.260879e-11,2.297959e-10,5.260879e-11,2.297959e-10
run_440_800,440m,800m,7.811781e-11,2.573687e-10,7.811781e-11,2.573688e-10
run_630_500,630m,500m,5.563836e-11,2.717366e-10,5.563837e-11,2.717368e-10
run_630_540,630m,540m,5.590711e-11,2.623623e-10,5.590711e-11,2.623625e-10
run_450_480,450m,480m,7.355720e-11,3.262387e-10,7.355720e-11,3.262389e-10
run_610_440,610m,440m,5.554075e-11,3.024373e-10,5.554076e-11,3.024377e-10
run_560_700,560m,700m,6.404721e-11,2.453426e-10,6.404721e-11,2.453427e-10
run_640_820,640m,820m,5.750591e-11,2.184941e-10,5.750591e-11,2.184940e-10
run_440_860,440m,860m,7.858879e-11,2.505933e-10,7.858879e-11,2.505934e-10
run_560_480,560m,480m,6.270715e-11,2.922324e-10,6.171224e-11,3.020835e-10
run_470_760,470m,760m,7.239857e-11,2.519854e-10,7.239857e-11,2.519855e-10
run_520_860,520m,860m,6.581778e-11,2.290883e-10,6.581778e-11,2.290882e-10
run_560_800,560m,800m,6.474999e-11,2.345118e-10,6.475000e-11,2.345118e-10
run_520_460,520m,460m,6.292985e-11,3.094650e-10,6.292985e-11,3.094654e-10
run_480_720,480m,720m,7.048073e-11,2.536869e-10,7.048073e-11,2.536870e-10
run_540_780,540m,780m,6.313194e-11,2.334948e-10,6.313194e-11,2.334948e-10
run_580_680,580m,680m,5.928414e-11,2.390031e-10,5.928414e-11,2.390031e-10
run_650_980,650m,980m,5.463561e-11,1.958733e-10,5.463561e-11,1.958732e-10
run_460_640,460m,640m,7.309861e-11,2.711573e-10,7.309861e-11,2.711574e-10
run_550_420,550m,420m,6.455595e-11,3.375448e-10,6.455595e-11,3.375451e-10
run_610_420,610m,420m,5.539861e-11,3.157344e-10,5.539861e-11,3.157347e-10
run_540_840,540m,840m,6.351915e-11,2.264253e-10,6.351916e-11,2.264253e-10
run_600_440,600m,440m,5.721148e-11,3.068993e-10,5.721148e-11,3.068997e-10
run_660_980,660m,980m,5.431314e-11,1.952864e-10,5.431314e-11,1.952863e-10
run_470_920,470m,920m,7.357926e-11,2.355831e-10,7.357926e-11,2.355831e-10
run_550_880,550m,880m,6.794264e-11,2.309408e-10,6.794264e-11,2.309408e-10
run_640_860,640m,860m,5.773254e-11,2.142872e-10,5.773254e-11,2.142871e-10
run_470_720,470m,720m,7.208293e-11,2.565165e-10,7.124260e-11,2.604111e-10
run_470_900,470m,900m,7.343919e-11,2.373871e-10,7.343919e-11,2.373871e-10
run_650_600,650m,600m,5.259332e-11,2.418897e-10,5.259332e-11,2.418897e-10
run_590_760,590m,760m,5.955187e-11,2.293722e-10,5.955188e-11,2.293721e-10
run_420_780,420m,780m,8.211757e-11,2.673116e-10,8.211757e-11,2.673117e-10
run_440_560,440m,560m,7.612350e-11,3.065264e-10,7.612350e-11,3.065266e-10
run_530_760,530m,760m,6.403676e-11,2.373098e-10,6.403676e-11,2.373098e-10
run_580_640,580m,640m,5.900531e-11,2.454258e-10,5.900532e-11,2.454259e-10
run_420_980,420m,980m,8.364979e-11,2.388649e-10,8.265142e-11,2.385167e-10
run_440_680,440m,680m,7.710866e-11,2.713911e-10,7.710866e-11,2.713912e-10
run_440_980,440m,980m,7.942882e-11,2.383796e-10,7.942882e-11,2.383796e-10
run_490_920,490m,920m,7.040378e-11,2.304637e-10,7.040378e-11,2.304637e-10
run_480_920,480m,920m,7.195037e-11,2.329645e-10,7.195037e-11,2.329645e-10
run_500_920,500m,920m,6.893358e-11,2.280612e-10,6.893358e-11,2.280612e-10
run_520_960,520m,960m,6.643772e-11,2.195036e-10,6.643772e-11,2.195035e-10
run_640_580,640m,580m,5.603577e-11,2.527572e-10,5.603577e-11,2.527573e-10
run_630_760,630m,760m,5.726370e-11,2.248444e-10,5.726371e-11,2.248443e-10
run_570_520,570m,520m,5.966268e-11,2.808508e-10,6.044102e-11,2.772432e-10
run_600_900,600m,900m,6.018050e-11,2.150857e-10,6.018050e-11,2.150856e-10
run_460_660,460m,660m,7.327060e-11,2.675685e-10,7.327060e-11,2.675686e-10
run_650_740,650m,740m,5.334488e-11,2.199601e-10,5.334488e-11,2.199601e-10
run_530_460,530m,460m,6.188014e-11,3.066911e-10,6.188014e-11,3.066915e-10
run_470_960,470m,960m,7.383730e-11,2.314150e-10,7.383730e-11,2.314150e-10
run_570_920,570m,920m,6.306378e-11,2.182275e-10,6.306378e-11,2.182275e-10
run_610_580,610m,580m,5.576207e-11,2.570253e-10,5.650067e-11,2.540139e-10
run_560_840,560m,840m,6.500247e-11,2.293641e-10,6.500247e-11,2.293641e-10
run_570_760,570m,760m,6.204705e-11,2.339376e-10,6.204705e-11,2.339376e-10
run_490_420,490m,420m,6.659450e-11,3.409650e-10,6.659450e-11,3.409653e-10
run_420_480,420m,480m,7.947250e-11,3.396529e-10,7.947250e-11,3.396530e-10
run_590_720,590m,720m,5.929197e-11,2.337637e-10,5.929198e-11,2.337637e-10
run_550_800,550m,800m,6.739970e-11,2.393213e-10,6.739971e-11,2.393214e-10
run_480_680,480m,680m,7.016049e-11,2.586868e-10,7.016049e-11,2.586869e-10
run_640_940,640m,940m,5.817201e-11,2.069823e-10,5.817202e-11,2.069823e-10
run_530_540,530m,540m,6.249430e-11,2.743784e-10,6.249430e-11,2.743786e-10
run_430_420,430m,420m,7.680206e-11,3.617484e-10,7.680206e-11,3.617485e-10
run_420_960,420m,960m,8.352165e-11,2.470360e-10,8.352165e-11,2.470361e-10
run_430_600,430m,600m,7.845298e-11,2.972455e-10,7.845298e-11,2.972457e-10
run_620_820,620m,820m,5.779134e-11,2.192965e-10,5.779134e-11,2.192965e-10
run_550_1000,550m,1000m,6.866085e-11,2.212830e-10,6.866086e-11,2.212830e-10
run_470_880,470m,880m,7.329872e-11,2.393283e-10,7.329872e-11,2.393283e-10
run_420_880,420m,880m,8.293371e-11,2.557901e-10,8.293371e-11,2.557902e-10
run_650_640,650m,640m,5.276487e-11,2.338575e-10,5.276487e-11,2.338575e-10
run_460_760,460m,760m,7.409530e-11,2.549526e-10,7.409530e-11,2.549527e-10
run_420_700,420m,700m,8.142328e-11,2.768866e-10,8.142328e-11,2.768867e-10
run_630_840,630m,840m,5.773175e-11,2.158994e-10,5.773176e-11,2.158993e-10
run_480_620,480m,620m,6.971255e-11,2.693654e-10,6.971255e-11,2.693655e-10
run_480_760,480m,760m,7.079066e-11,2.491905e-10,7.079066e-11,2.491906e-10
run_420_660,420m,660m,8.105449e-11,2.859919e-10,8.105448e-11,2.859920e-10
run_650_780,650m,780m,5.358285e-11,2.158073e-10,5.358285e-11,2.158073e-10
run_650_500,650m,500m,5.207237e-11,2.654978e-10,5.242243e-11,2.638846e-10
run_480_640,480m,640m,6.983021e-11,2.651776e-10,6.983021e-11,2.651778e-10
run_650_540,650m,540m,5.229073e-11,2.559560e-10,5.229073e-11,2.559561e-10
run_520_660,520m,660m,6.438855e-11,2.514689e-10,6.438855e-11,2.514690e-10
run_590_480,590m,480m,5.771191e-11,2.850195e-10,5.771192e-11,2.850199e-10
run_480_860,480m,860m,7.153643e-11,2.387333e-10,7.153643e-11,2.387333e-10
run_530_780,530m,780m,6.417671e-11,2.353786e-10,6.417671e-11,2.353786e-10
run_480_440,480m,440m,6.737722e-11,3.292576e-10,6.828010e-11,3.251276e-10
run_460_480,460m,480m,7.180763e-11,3.221494e-10,7.180763e-11,3.221496e-10
run_560_740,560m,740m,6.433041e-11,2.405864e-10,6.433041e-11,2.405864e-10
run_610_800,610m,800m,5.785467e-11,2.218507e-10,5.785468e-11,2.218506e-10
run_600_620,600m,620m,5.843149e-11,2.490187e-10,5.843149e-11,2.490188e-10
run_500_760,500m,760m,6.781554e-11,2.440115e-10,6.781554e-11,2.440116e-10
run_540_500,540m,500m,6.118108e-11,2.848892e-10,6.118108e-11,2.848896e-10
run_490_1000,490m,1000m,7.088232e-11,2.243900e-10,7.088232e-11,2.243900e-10
run_520_680,520m,680m,6.454106e-11,2.485722e-10,6.454106e-11,2.485722e-10
run_480_960,480m,960m,7.220404e-11,2.288475e-10,7.220404e-11,2.288475e-10
run_500_500,500m,500m,6.586092e-11,2.985774e-10,6.586092e-11,2.985777e-10
run_510_980,510m,980m,6.788534e-11,2.202137e-10,6.788534e-11,2.202137e-10
run_650_720,650m,720m,5.322455e-11,2.222738e-10,5.322455e-11,2.222738e-10
run_430_800,430m,800m,8.013920e-11,2.610557e-10,8.013920e-11,2.610557e-10
run_440_440,440m,440m,7.503562e-11,3.474375e-10,7.503562e-11,3.474377e-10
run_600_480,600m,480m,5.749894e-11,2.847394e-10,5.749894e-11,2.847398e-10
run_610_620,610m,620m,5.601125e-11,2.493939e-10,5.674725e-11,2.472825e-10
run_510_840,510m,840m,6.699109e-11,2.324615e-10,6.699110e-11,2.324615e-10
run_600_920,600m,920m,6.029520e-11,2.133478e-10,6.029520e-11,2.133478e-10
run_530_580,530m,580m,6.199363e-11,2.680593e-10,6.280077e-11,2.651483e-10
run_580_940,580m,940m,6.091291e-11,2.124088e-10,6.091292e-11,2.124087e-10
run_620_600,620m,600m,5.571296e-11,2.511597e-10,5.644527e-11,2.481786e-10
run_480_460,480m,460m,6.841582e-11,3.231230e-10,6.841582e-11,3.231232e-10
run_620_480,620m,480m,5.492188e-11,2.843802e-10,5.566390e-11,2.800178e-10
run_590_660,590m,660m,5.888544e-11,2.415764e-10,5.888544e-11,2.415765e-10
run_420_920,420m,920m,8.324081e-11,2.516387e-10,8.324081e-11,2.516388e-10
run_630_980,630m,980m,5.848903e-11,2.034920e-10,5.848904e-11,2.034919e-10
run_650_440,650m,440m,5.173492e-11,2.921098e-10,5.173492e-11,2.921101e-10
run_510_500,510m,500m,6.452066e-11,2.947947e-10,6.452066e-11,2.947950e-10
run_620_940,620m,940m,5.846400e-11,2.078033e-10,5.846400e-11,2.078032e-10
run_620_460,620m,460m,5.550694e-11,2.897991e-10,5.550694e-11,2.897995e-10
run_650_1000,650m,1000m,5.472353e-11,1.955884e-10,5.472353e-11,1.955884e-10
run_440_600,440m,600m,7.646371e-11,2.915009e-10,7.646370e-11,2.915011e-10
run_650_820,650m,820m,5.382062e-11,2.116917e-10,5.382062e-11,2.116917e-10
run_640_660,640m,660m,5.650251e-11,2.367391e-10,5.650251e-11,2.367391e-10
run_620_800,620m,800m,5.766673e-11,2.213451e-10,5.766673e-11,2.213451e-10
run_580_740,580m,740m,5.968569e-11,2.318395e-10,5.968569e-11,2.318394e-10
run_540_800,540m,800m,6.327009e-11,2.315152e-10,6.327009e-11,2.315151e-10
run_570_720,570m,720m,6.177572e-11,2.383285e-10,6.177572e-11,2.383286e-10
run_560_980,560m,980m,6.586149e-11,2.171310e-10,6.586149e-11,2.171310e-10
run_520_840,520m,840m,6.566863e-11,2.240517e-10,6.489764e-11,2.275624e-10
run_480_800,480m,800m,7.024196e-11,2.426812e-10,7.114001e-11,2.407687e-10
run_470_560,470m,560m,7.082506e-11,2.921570e-10,7.082506e-11,2.921572e-10
run_520_760,520m,760m,6.512526e-11,2.392630e-10,6.512526e-11,2.392630e-10
run_600_580,600m,580m,5.744466e-11,2.603127e-10,5.819258e-11,2.573449e-10
run_590_800,590m,800m,5.981002e-11,2.254574e-10,5.981002e-11,2.254574e-10
run_600_500,600m,500m,5.764087e-11,2.757767e-10,5.764087e-11,2.757770e-10
run_590_780,590m,780m,5.968068e-11,2.274392e-10,5.968069e-11,2.274392e-10
run_550_900,550m,900m,6.807248e-11,2.290543e-10,6.807248e-11,2.290543e-10
run_590_520,590m,520m,,,,
run_630_460,630m,460m,5.536248e-11,2.891633e-10,5.536248e-11,2.891637e-10
run_540_980,540m,980m,6.436710e-11,2.142816e-10,6.436711e-11,2.142815e-10
run_480_740,480m,740m,7.063620e-11,2.513641e-10,7.063620e-11,2.513641e-10
run_550_640,550m,640m,6.620754e-11,2.591976e-10,6.620754e-11,2.591977e-10
run_500_840,500m,840m,6.837987e-11,2.348177e-10,6.837987e-11,2.348177e-10
run_660_520,660m,520m,5.192301e-11,2.599542e-10,5.192301e-11,2.599543e-10
run_500_520,500m,520m,6.602302e-11,2.909778e-10,6.602302e-11,2.909782e-10
run_550_460,550m,460m,6.488186e-11,3.155691e-10,6.488186e-11,3.155694e-10
run_470_460,470m,460m,6.997782e-11,3.267649e-10,6.997782e-11,3.267652e-10
run_520_720,520m,720m,6.483782e-11,2.436642e-10,6.483782e-11,2.436642e-10
run_430_660,430m,660m,7.892905e-11,2.791614e-10,7.892905e-11,2.791616e-10
run_660_440,660m,440m,5.147840e-11,2.916078e-10,5.147840e-11,2.916081e-10
run_590_960,590m,960m,6.073802e-11,2.096506e-10,6.073803e-11,2.096506e-10
run_490_480,490m,480m,6.710454e-11,3.106074e-10,6.710454e-11,3.106077e-10
run_560_640,560m,640m,6.359935e-11,2.542286e-10,6.359936e-11,2.542287e-10
run_620_520,620m,520m,5.592066e-11,2.670750e-10,5.592066e-11,2.670752e-10
run_560_720,560m,720m,6.418931e-11,2.428681e-10,6.418931e-11,2.428681e-10
run_530_860,530m,860m,6.471757e-11,2.271692e-10,6.471758e-11,2.271692e-10
run_570_880,570m,880m,6.282227e-11,2.218056e-10,6.282227e-11,2.218056e-10
run_490_960,490m,960m,7.065302e-11,2.263892e-10,7.065303e-11,2.263891e-10
run_610_820,610m,820m,5.798000e-11,2.198019e-10,5.798001e-11,2.198018e-10
run_510_640,510m,640m,6.471916e-11,2.581141e-10,6.558366e-11,2.508035e-10
run_520_440,520m,440m,6.276989e-11,3.200157e-10,6.276989e-11,3.200160e-10
run_660_940,660m,940m,5.413859e-11,1.992564e-10,5.413859e-11,1.992563e-10
run_610_720,610m,720m,5.735396e-11,2.301922e-10,5.735396e-11,2.301922e-10
run_590_820,590m,820m,5.993978e-11,2.234157e-10,5.993979e-11,2.234157e-10
run_590_700,590m,700m,5.916074e-11,2.315739e-10,5.844075e-11,2.360336e-10
run_450_460,450m,460m,7.337401e-11,3.344089e-10,7.337401e-11,3.344091e-10
run_660_760,660m,760m,5.314522e-11,2.172972e-10,5.314522e-11,2.172972e-10
run_440_700,440m,700m,7.728505e-11,2.635037e-10,7.637843e-11,2.670808e-10
run_640_740,640m,740m,5.701374e-11,2.266085e-10,5.701375e-11,2.266085e-10
run_430_860,430m,860m,8.061914e-11,2.541649e-10,8.061914e-11,2.541650e-10
run_540_860,540m,860m,6.366360e-11,2.253067e-10,6.366361e-11,2.253067e-10
run_470_940,470m,940m,7.371893e-11,2.339017e-10,7.371893e-11,2.339017e-10
run_520_880,520m,880m,6.594616e-11,2.270823e-10,6.594617e-11,2.270823e-10
run_440_620,440m,620m,7.662662e-11,2.858484e-10,7.662662e-11,2.858486e-10
run_440_740,440m,740m,7.762110e-11,2.638127e-10,7.762110e-11,2.638128e-10
run_510_860,510m,860m,6.714298e-11,2.247654e-10,6.636177e-11,2.280906e-10
run_600_740,600m,740m,5.919918e-11,2.312312e-10,5.919918e-11,2.312312e-10
run_420_440,420m,440m,7.908085e-11,3.558130e-10,7.908085e-11,3.558131e-10
run_630_640,630m,640m,5.649299e-11,2.406559e-10,5.649299e-11,2.406560e-10
run_630_1000,630m,1000m,5.858187e-11,2.031687e-10,5.858187e-11,2.031687e-10
run_570_580,570m,580m,6.083888e-11,2.619231e-10,6.083888e-11,2.619232e-10
run_520_600,520m,600m,6.319294e-11,2.648389e-10,6.424244e-11,2.610163e-10
run_510_960,510m,960m,6.777484e-11,2.217292e-10,6.777484e-11,2.217292e-10
run_570_820,570m,820m,6.245200e-11,2.279774e-10,6.245200e-11,2.279774e-10
run_500_780,500m,780m,6.796337e-11,2.420566e-10,6.796338e-11,2.420566e-10
run_660_500,660m,500m,5.181362e-11,2.651343e-10,5.181362e-11,2.651345e-10
run_520_740,520m,740m,6.408184e-11,2.355518e-10,6.493894e-11,2.371543e-10
run_550_980,550m,980m,6.855089e-11,2.217173e-10,6.855089e-11,2.217173e-10
run_600_880,600m,880m,6.006554e-11,2.169477e-10,6.006555e-11,2.169477e-10
run_600_460,600m,460m,5.735571e-11,2.953548e-10,5.735571e-11,2.953552e-10
run_600_840,600m,840m,5.981516e-11,2.201332e-10,5.981516e-11,2.201332e-10
run_450_960,450m,960m,7.737890e-11,2.369832e-10,7.737890e-11,2.369832e-10
run_460_840,460m,840m,7.470149e-11,2.453885e-10,7.470149e-11,2.453885e-10
run_620_860,620m,860m,5.802024e-11,2.150947e-10,5.802024e-11,2.150947e-10
run_620_680,620m,680m,5.691059e-11,2.346163e-10,5.691060e-11,2.346163e-10
run_430_540,430m,540m,7.696628e-11,3.055371e-10,7.797567e-11,3.019360e-10
run_520_980,520m,980m,6.654613e-11,2.180003e-10,6.654613e-11,2.180003e-10
run_430_1000,430m,1000m,8.160041e-11,2.411589e-10,8.160041e-11,2.411590e-10
run_640_620,640m,620m,5.627869e-11,2.444572e-10,5.627869e-11,2.444572e-10
run_570_900,570m,900m,6.294316e-11,2.199531e-10,6.294316e-11,2.199530e-10
run_650_900,650m,900m,5.425022e-11,2.033704e-10,5.425022e-11,2.033704e-10
run_520_620,520m,620m,6.412655e-11,2.591004e-10,6.412655e-11,2.591005e-10
run_460_820,460m,820m,7.457396e-11,2.486912e-10,7.457396e-11,2.486912e-10
run_580_820,580m,820m,6.020687e-11,2.237766e-10,6.020688e-11,2.237766e-10
run_450_900,450m,900m,7.696699e-11,2.431480e-10,7.696699e-11,2.431480e-10
run_420_1000,420m,1000m,8.377833e-11,2.447720e-10,8.377833e-11,2.447720e-10
run_440_460,440m,460m,7.522399e-11,3.384653e-10,7.522399e-11,3.384655e-10
run_570_960,570m,960m,6.328618e-11,2.142436e-10,6.328619e-11,2.142435e-10
run_520_540,520m,540m,6.355517e-11,2.763718e-10,6.355517e-11,2.763721e-10
run_560_560,560m,560m,6.307162e-11,2.724409e-10,6.307162e-11,2.724411e-10
run_630_660,630m,660m,5.662605e-11,2.371038e-10,5.662606e-11,2.371038e-10
run_550_660,550m,660m,6.636319e-11,2.556540e-10,6.636319e-11,2.556541e-10
run_460_600,460m,600m,7.281983e-11,2.805050e-10,7.281983e-11,2.805052e-10
run_480_660,480m,660m,6.999586e-11,2.616254e-10,6.999586e-11,2.616255e-10
run_500_600,500m,600m,6.688102e-11,2.643989e-10,6.583028e-11,2.705706e-10
run_560_420,560m,420m,6.200880e-11,3.314230e-10,6.200880e-11,3.314234e-10
run_480_560,480m,560m,6.924625e-11,2.876038e-10,6.924625e-11,2.876041e-10
run_490_600,490m,600m,6.805854e-11,2.702364e-10,6.805854e-11,2.702366e-10
run_430_880,430m,880m,8.077055e-11,2.519119e-10,8.077055e-11,2.519119e-10
run_560_600,560m,600m,6.335655e-11,2.620032e-10,6.335655e-11,2.620034e-10
run_560_620,560m,620m,6.271299e-11,2.618009e-10,6.351822e-11,2.596748e-10
run_540_700,540m,700m,6.257650e-11,2.422609e-10,6.257651e-11,2.422609e-10
run_500_440,500m,440m,6.536472e-11,3.262765e-10,6.536473e-11,3.262768e-10
run_430_560,430m,560m,7.810604e-11,3.116516e-10,7.810604e-11,3.116517e-10
run_620_720,620m,720m,5.716890e-11,2.241857e-10,5.646907e-11,2.286535e-10
run_520_640,520m,640m,6.423513e-11,2.549815e-10,6.423513e-11,2.549816e-10
run_630_440,630m,440m,5.522282e-11,3.011712e-10,5.522282e-11,3.011716e-10
run_500_880,500m,880m,6.866793e-11,2.316896e-10,6.866793e-11,2.316896e-10
run_500_580,500m,580m,6.648350e-11,2.720799e-10,6.648350e-11,2.720800e-10
run_470_840,470m,840m,7.299424e-11,2.425323e-10,7.299424e-11,2.425324e-10
run_630_800,630m,800m,5.751042e-11,2.209110e-10,5.751042e-11,2.209110e-10
run_600_660,600m,660m,5.866562e-11,2.413341e-10,5.866562e-11,2.413341e-10
run_450_840,450m,840m,7.650546e-11,2.484380e-10,7.650546e-11,2.484380e-10
run_470_640,470m,640m,7.142014e-11,2.680737e-10,7.142014e-11,2.680738e-10
run_420_840,420m,840m,8.259852e-11,2.592303e-10,8.259852e-11,2.592304e-10
run_660_600,660m,600m,5.233121e-11,2.414640e-10,5.233121e-11,2.414640e-10
run_440_920,440m,920m,7.903332e-11,2.444418e-10,7.903332e-11,2.444418e-10
run_610_900,610m,900m,5.843379e-11,2.117143e-10,5.843379e-11,2.117143e-10
run_640_700,640m,700m,5.676487e-11,2.313594e-10,5.676487e-11,2.313594e-10
run_610_660,610m,660m,5.696042e-11,2.380392e-10,5.696042e-11,2.380393e-10
run_600_600,600m,600m,5.830607e-11,2.527080e-10,5.830608e-11,2.527081e-10
run_450_780,450m,780m,7.605044e-11,2.560943e-10,7.605044e-11,2.560943e-10
run_480_880,480m,880m,7.167480e-11,2.303466e-10,7.085485e-11,2.334606e-10
run_610_680,610m,680m,5.709416e-11,2.351214e-10,5.709416e-11,2.351214e-10
run_650_420,650m,420m,5.162093e-11,3.062461e-10,5.162093e-11,3.062464e-10
run_420_860,420m,860m,8.277939e-11,2.580988e-10,8.277939e-11,2.580989e-10
run_440_500,440m,500m,7.559616e-11,3.233346e-10,7.559616e-11,3.233348e-10
run_510_600,510m,600m,6.527630e-11,2.651129e-10,6.527630e-11,2.651131e-10
run_500_640,500m,640m,6.689058e-11,2.598378e-10,6.689058e-11,2.598379e-10
run_560_760,560m,760m,6.447067e-11,2.384525e-10,6.447068e-11,2.384525e-10
run_550_700,550m,700m,6.667167e-11,2.502569e-10,6.667167e-11,2.502570e-10
run_460_960,460m,960m,7.555961e-11,2.341163e-10,7.555961e-11,2.341163e-10
run_620_960,620m,960m,5.855715e-11,2.054153e-10,5.855715e-11,2.054152e-10
run_590_620,590m,620m,5.864981e-11,2.492475e-10,5.864981e-11,2.492475e-10
run_500_740,500m,740m,6.766671e-11,2.461576e-10,6.766671e-11,2.461576e-10
run_550_500,550m,500m,6.520331e-11,2.978422e-10,6.520331e-11,2.978426e-10
run_520_900,520m,900m,6.607422e-11,2.252245e-10,6.607422e-11,2.252245e-10
run_540_420,540m,420m,6.056643e-11,3.272408e-10,6.056643e-11,3.272411e-10
run_600_940,600m,940m,6.040966e-11,2.117191e-10,6.040966e-11,2.117191e-10
run_540_460,540m,460m,6.087580e-11,3.039962e-10,6.087581e-11,3.039966e-10
run_610_840,610m,840m,5.807848e-11,2.168241e-10,5.807848e-11,2.168240e-10
run_530_500,530m,500m,6.219091e-11,2.879534e-10,6.219091e-11,2.879538e-10
run_470_480,470m,480m,7.015375e-11,3.181955e-10,7.015375e-11,3.181957e-10
run_450_760,450m,760m,7.588851e-11,2.581284e-10,7.588851e-11,2.581285e-10
run_490_940,490m,940m,7.053854e-11,2.288203e-10,7.053854e-11,2.288203e-10
run_660_700,660m,700m,5.282087e-11,2.243123e-10,5.282087e-11,2.243123e-10
run_530_600,530m,600m,6.213647e-11,2.629462e-10,6.316628e-11,2.591001e-10
run_650_580,650m,580m,5.249336e-11,2.465533e-10,5.249336e-11,2.465534e-10
run_560_500,560m,500m,6.263216e-11,2.900919e-10,6.263216e-11,2.900923e-10
run_470_680,470m,680m,7.087900e-11,2.646026e-10,7.180053e-11,2.627497e-10
run_660_540,660m,540m,5.203055e-11,2.555661e-10,5.203055e-11,2.555662e-10
run_490_660,490m,660m,6.848483e-11,2.589013e-10,6.848483e-11,2.589014e-10
run_450_500,450m,500m,7.373866e-11,3.188803e-10,7.373865e-11,3.188805e-10
run_520_700,520m,700m,6.469263e-11,2.461305e-10,6.469264e-11,2.461305e-10
run_560_1000,560m,1000m,6.596760e-11,2.167243e-10,6.596761e-11,2.167242e-10
run_620_920,620m,920m,5.835342e-11,2.094502e-10,5.835342e-11,2.094502e-10
run_540_600,540m,600m,6.189532e-11,2.588466e-10,6.189532e-11,2.588468e-10
run_530_980,530m,980m,6.543345e-11,2.161193e-10,6.543345e-11,2.161193e-10
run_460_800,460m,800m,7.441391e-11,2.508541e-10,7.441391e-11,2.508541e-10
run_480_700,480m,700m,6.932851e-11,2.510827e-10,7.028992e-11,2.523586e-10
run_570_980,570m,980m,6.338833e-11,2.039665e-10,6.265350e-11,2.065205e-10
run_580_600,580m,600m,5.878075e-11,2.532335e-10,5.878075e-11,2.532336e-10
run_420_680,420m,680m,8.123951e-11,2.811212e-10,8.123951e-11,2.811213e-10
run_510_540,510m,540m,6.483585e-11,2.800287e-10,6.483585e-11,2.800291e-10
run_600_780,600m,780m,5.945595e-11,2.271673e-10,5.894508e-11,2.306964e-10
run_510_820,510m,820m,6.687417e-11,2.355760e-10,6.687417e-11,2.355760e-10
run_490_980,490m,980m,7.076762e-11,2.248417e-10,7.076762e-11,2.248417e-10
run_620_580,620m,580m,5.630581e-11,2.535309e-10,5.630581e-11,2.535310e-10
run_550_940,550m,940m,6.833118e-11,2.256655e-10,6.833118e-11,2.256655e-10
run_580_520,580m,520m,5.750737e-11,2.766728e-10,5.826438e-11,2.733127e-10
run_540_940,540m,940m,6.415793e-11,2.181359e-10,6.415793e-11,2.181359e-10
run_570_460,570m,460m,5.997725e-11,3.021123e-10,5.997725e-11,3.021127e-10
run_490_740,490m,740m,6.911329e-11,2.486985e-10,6.911329e-11,2.486986e-10
run_640_960,640m,960m,5.826421e-11,2.045929e-10,5.826421e-11,2.045928e-10
run_580_660,580m,660m,5.914513e-11,2.419019e-10,5.914513e-11,2.419019e-10
run_580_1000,580m,1000m,6.120760e-11,2.082073e-10,6.069700e-11,2.112558e-10
run_590_840,590m,840m,6.004231e-11,2.129958e-10,5.932551e-11,2.167497e-10
run_510_880,510m,880m,6.727385e-11,2.293463e-10,6.727385e-11,2.293463e-10
run_570_660,570m,660m,6.135159e-11,2.461307e-10,6.135160e-11,2.461307e-10
run_430_820,430m,820m,8.030844e-11,2.587997e-10,8.030844e-11,2.587998e-10
run_450_440,450m,440m,7.318946e-11,3.435791e-10,7.318946e-11,3.435793e-10
run_590_1000,590m,1000m,6.093304e-11,2.078173e-10,6.093304e-11,2.078172e-10
run_440_940,440m,940m,7.918057e-11,2.426676e-10,7.918057e-11,2.426676e-10
run_520_1000,520m,1000m,6.665457e-11,2.175893e-10,6.665457e-11,2.175892e-10
run_540_560,540m,560m,6.084110e-11,2.731671e-10,6.163476e-11,2.700792e-10
run_590_880,590m,880m,6.029426e-11,2.172399e-10,6.029426e-11,2.172399e-10
run_480_420,480m,420m,6.806763e-11,3.441192e-10,6.806763e-11,3.441195e-10
run_510_800,510m,800m,6.672802e-11,2.376439e-10,6.672802e-11,2.376439e-10
run_490_780,490m,780m,6.941552e-11,2.445728e-10,6.941552e-11,2.445728e-10
run_420_900,420m,900m,8.308751e-11,2.536417e-10,8.308751e-11,2.536417e-10
run_430_720,430m,720m,7.946218e-11,2.700210e-10,7.946218e-11,2.700211e-10
run_560_580,560m,580m,6.321699e-11,2.664879e-10,6.321699e-11,2.664880e-10
run_580_480,580m,480m,5.796376e-11,2.854340e-10,5.796376e-11,2.854344e-10
run_550_440,550m,440m,6.471933e-11,3.258208e-10,6.471933e-11,3.258211e-10
run_660_480,660m,480m,5.170284e-11,2.711395e-10,5.170284e-11,2.711397e-10
run_550_480,550m,480m,6.504329e-11,3.063043e-10,6.504330e-11,3.063046e-10
run_630_520,630m,520m,5.577388e-11,2.666598e-10,5.577389e-11,2.666600e-10
run_490_520,490m,520m,6.743734e-11,2.950476e-10,6.743734e-11,2.950480e-10
run_620_440,620m,440m,5.536649e-11,3.017526e-10,5.536649e-11,3.017529e-10
run_550_540,550m,540m,6.551704e-11,2.833132e-10,6.551704e-11,2.833135e-10
run_490_500,490m,500m,6.727194e-11,3.024419e-10,6.727194e-11,3.024422e-10
run_600_540,600m,540m,5.791895e-11,2.664562e-10,5.791895e-11,2.664563e-10
run_440_640,440m,640m,7.675237e-11,2.787659e-10,7.675237e-11,2.787661e-10
run_460_580,460m,580m,7.265951e-11,2.877521e-10,7.265951e-11,2.877524e-10
run_450_880,450m,880m,7.682145e-11,2.451523e-10,7.682145e-11,2.451523e-10
run_570_740,570m,740m,6.191177e-11,2.360593e-10,6.191177e-11,2.360593e-10
run_430_520,430m,520m,7.775459e-11,3.217842e-10,7.775459e-11,3.217844e-10
run_470_660,470m,660m,7.158894e-11,2.645048e-10,7.158894e-11,2.645049e-10
run_590_640,590m,640m,5.874656e-11,2.451074e-10,5.874656e-11,2.451074e-10
run_640_1000,640m,1000m,5.844892e-11,2.027953e-10,5.844892e-11,2.027953e-10
run_610_500,610m,500m,5.596115e-11,2.726333e-10,5.596115e-11,2.726335e-10
run_480_1000,480m,1000m,7.243732e-11,2.268149e-10,7.243732e-11,2.268149e-10
run_440_1000,440m,1000m,7.955326e-11,2.378697e-10,7.955326e-11,2.378697e-10
run_660_860,660m,860m,5.371818e-11,2.068495e-10,5.371818e-11,2.068495e-10
run_640_420,640m,420m,5.424505e-11,3.165733e-10,5.498742e-11,3.122347e-10
run_650_520,650m,520m,5.160309e-11,2.659463e-10,5.221690e-11,2.621675e-10
run_480_780,480m,780m,7.094403e-11,2.472095e-10,7.094403e-11,2.472096e-10
run_630_940,630m,940m,5.830361e-11,2.073599e-10,5.830362e-11,2.073599e-10
run_660_460,660m,460m,5.159102e-11,2.787716e-10,5.159102e-11,2.787720e-10
run_490_620,490m,620m,6.820682e-11,2.666008e-10,6.820682e-11,2.666009e-10
run_600_1000,600m,1000m,6.069994e-11,2.075065e-10,6.069995e-11,2.075065e-10
run_660_740,660m,740m,5.302599e-11,2.194736e-10,5.302599e-11,2.194736e-10
run_590_580,590m,580m,5.839481e-11,2.574535e-10,5.839482e-11,2.574537e-10
run_490_460,490m,460m,6.693561e-11,3.195777e-10,6.693561e-11,3.195779e-10
run_610_1000,610m,1000m,5.893779e-11,2.041146e-10,5.893779e-11,2.041145e-10
run_580_880,580m,880m,6.056395e-11,2.176127e-10,6.056395e-11,2.176126e-10
run_580_720,580m,720m,5.955446e-11,2.341046e-10,5.955446e-11,2.341046e-10
run_450_560,450m,560m,7.425565e-11,3.015916e-10,7.425564e-11,3.015918e-10
run_570_440,570m,440m,5.982644e-11,3.131708e-10,5.982644e-11,3.131712e-10
run_500_620,500m,620m,6.595112e-11,2.673887e-10,6.681000e-11,2.652014e-10
run_560_940,560m,940m,6.564943e-11,2.210212e-10,6.564943e-11,2.210211e-10
run_590_500,590m,500m,5.711482e-11,2.826349e-10,5.786953e-11,2.789168e-10
run_560_860,560m,860m,6.514862e-11,2.282473e-10,6.514862e-11,2.282473e-10
run_640_900,640m,900m,5.795277e-11,2.103905e-10,5.795277e-11,2.103905e-10
run_490_680,490m,680m,6.864638e-11,2.559762e-10,6.864638e-11,2.559763e-10
run_490_800,490m,800m,6.956671e-11,2.425453e-10,6.956671e-11,2.425453e-10
run_440_960,440m,960m,7.930461e-11,2.400557e-10,7.930461e-11,2.400557e-10
run_450_520,450m,520m,7.391785e-11,3.122854e-10,7.391784e-11,3.122856e-10
run_630_960,630m,960m,5.839626e-11,2.049713e-10,5.839627e-11,2.049712e-10
run_630_820,630m,820m,5.763438e-11,2.188625e-10,5.763438e-11,2.188625e-10
run_550_960,550m,960m,6.844098e-11,2.232495e-10,6.844098e-11,2.232494e-10
run_580_860,580m,860m,6.044711e-11,2.196092e-10,6.044712e-11,2.196092e-10
run_570_560,570m,560m,6.069881e-11,2.678802e-10,6.069882e-11,2.678804e-10
run_570_800,570m,800m,6.231652e-11,2.300225e-10,6.231653e-11,2.300225e-10
run_600_700,600m,700m,5.893926e-11,2.359740e-10,5.893927e-11,2.359741e-10
run_660_840,660m,840m,5.359282e-11,2.082432e-10,5.359282e-11,2.082432e-10
run_450_820,450m,820m,7.637593e-11,2.517962e-10,7.637593e-11,2.517962e-10
run_540_620,540m,620m,6.203019e-11,2.552075e-10,6.203019e-11,2.552076e-10
run_630_600,630m,600m,5.628027e-11,2.485413e-10,5.628027e-11,2.485413e-10
run_480_940,480m,940m,7.208759e-11,2.313040e-10,7.208759e-11,2.313040e-10
run_530_900,530m,900m,6.496963e-11,2.233183e-10,6.496964e-11,2.233183e-10
run_460_780,460m,780m,7.425431e-11,2.529380e-10,7.425431e-11,2.529381e-10
run_660_880,660m,880m,5.382385e-11,2.047666e-10,5.382385e-11,2.047665e-10
run_600_680,600m,680m,5.880286e-11,2.384236e-10,5.880287e-11,2.384237e-10
run_650_960,650m,960m,5.454789e-11,1.973778e-10,5.454789e-11,1.973777e-10
run_610_520,610m,520m,5.609824e-11,2.675628e-10,5.609824e-11,2.675630e-10
run_490_820,490m,820m,6.971836e-11,2.404473e-10,6.971836e-11,2.404473e-10
run_620_900,620m,900m,5.824260e-11,2.112038e-10,5.824260e-11,2.112038e-10
run_530_960,530m,960m,6.532693e-11,2.176138e-10,6.532693e-11,2.176138e-10
run_640_600,640m,600m,5.615852e-11,2.481830e-10,5.615852e-11,2.481831e-10
run_450_660,450m,660m,7.504837e-11,2.708539e-10,7.504837e-11,2.708540e-10
run_580_840,580m,840m,6.031024e-11,2.207765e-10,6.031024e-11,2.207764e-10
run_540_580,540m,580m,6.175769e-11,2.633220e-10,6.175769e-11,2.633221e-10
run_550_520,550m,520m,6.536143e-11,2.901545e-10,6.536143e-11,2.901548e-10
run_640_800,640m,800m,5.738254e-11,2.205427e-10,5.738254e-11,2.205427e-10
run_510_720,510m,720m,6.614425e-11,2.460083e-10,6.614425e-11,2.460084e-10
run_420_640,420m,640m,8.086828e-11,2.915881e-10,8.086828e-11,2.915882e-10
run_500_860,500m,860m,6.853456e-11,2.337209e-10,6.853457e-11,2.337209e-10
run_440_580,440m,580m,7.629722e-11,2.981398e-10,7.629721e-11,2.981400e-10
run_660_560,660m,560m,5.212815e-11,2.523053e-10,5.212815e-11,2.523054e-10
run_610_880,610m,880m,5.832213e-11,2.135882e-10,5.832213e-11,2.135881e-10
run_430_580,430m,580m,7.828324e-11,3.035906e-10,7.828324e-11,3.035907e-10
run_530_420,530m,420m,6.156517e-11,3.295918e-10,6.156518e-11,3.295921e-10
run_530_440,530m,440m,6.093476e-11,3.239741e-10,6.174436e-11,3.192603e-10
run_580_420,580m,420m,5.678099e-11,3.199446e-10,5.754175e-11,3.154209e-10
run_660_420,660m,420m,5.136516e-11,3.057987e-10,5.136516e-11,3.057991e-10
run_630_900,630m,900m,5.808334e-11,2.107644e-10,5.808335e-11,2.107644e-10
run_660_920,660m,920m,5.403404e-11,2.009864e-10,5.403404e-11,2.009864e-10
run_640_480,640m,480m,5.466626e-11,2.837312e-10,5.540227e-11,2.792806e-10
run_490_860,490m,860m,6.999730e-11,2.361724e-10,6.999730e-11,2.361724e-10
run_510_760,510m,760m,6.643725e-11,2.415899e-10,6.643725e-11,2.415899e-10
run_540_640,540m,640m,6.213458e-11,2.510932e-10,6.213459e-11,2.510933e-10
run_570_680,570m,680m,6.149559e-11,2.432322e-10,6.149559e-11,2.432323e-10
run_430_840,430m,840m,8.044212e-11,2.552992e-10,8.044212e-11,2.552993e-10
run_610_760,610m,760m,5.760522e-11,2.257831e-10,5.760523e-11,2.257831e-10
run_510_420,510m,420m,6.387036e-11,3.349161e-10,6.387036e-11,3.349164e-10
run_440_840,440m,840m,7.841538e-11,2.517239e-10,7.841538e-11,2.517239e-10
run_610_540,610m,540m,5.623301e-11,2.632707e-10,5.623301e-11,2.632708e-10
run_650_940,650m,940m,5.446034e-11,1.998282e-10,5.446034e-11,1.998282e-10
run_510_780,510m,780m,6.658234e-11,2.396451e-10,6.658234e-11,2.396451e-10
run_660_620,660m,620m,5.242838e-11,2.376485e-10,5.242838e-11,2.376485e-10
run_530_1000,530m,1000m,6.554000e-11,2.157199e-10,6.554000e-11,2.157198e-10
run_630_740,630m,740m,5.713982e-11,2.269756e-10,5.713982e-11,2.269756e-10
run_650_480,650m,480m,5.196086e-11,2.714903e-10,5.196086e-11,2.714905e-10
run_570_500,570m,500m,6.027560e-11,2.826765e-10,6.027560e-11,2.826769e-10
run_630_700,630m,700m,5.688971e-11,2.317263e-10,5.688972e-11,2.317263e-10
run_440_900,440m,900m,7.888561e-11,2.463442e-10,7.888561e-11,2.463442e-10
run_500_960,500m,960m,6.917837e-11,2.240210e-10,6.917837e-11,2.240210e-10
run_630_420,630m,420m,5.508233e-11,3.145829e-10,5.508233e-11,3.145833e-10
run_420_500,420m,500m,7.966569e-11,3.328867e-10,7.966569e-11,3.328868e-10
run_470_780,470m,780m,7.255474e-11,2.499885e-10,7.255474e-11,2.499886e-10
run_620_780,620m,780m,5.754248e-11,2.233350e-10,5.754248e-11,2.233349e-10
run_420_560,420m,560m,8.021516e-11,3.170071e-10,8.021516e-11,3.170072e-10
run_640_760,640m,760m,5.713702e-11,2.244769e-10,5.713702e-11,2.244769e-10
run_550_720,550m,720m,6.681895e-11,2.477613e-10,6.681895e-11,2.477613e-10
run_640_920,640m,920m,5.806251e-11,2.086333e-10,5.806251e-11,2.086333e-10
run_470_800,470m,800m,7.271150e-11,2.479258e-10,7.271150e-11,2.479258e-10
run_500_420,500m,420m,6.519719e-11,3.378978e-10,6.519719e-11,3.378981e-10
run_470_1000,470m,1000m,7.407449e-11,2.293465e-10,7.407449e-11,2.293464e-10
run_470_440,470m,440m,6.980064e-11,3.363311e-10,6.980064e-11,3.363313e-10
run_470_520,470m,520m,7.050023e-11,3.034453e-10,7.050023e-11,3.034456e-10
run_450_860,450m,860m,7.667545e-11,2.473144e-10,7.667544e-11,2.473145e-10
run_620_540,620m,540m,5.605462e-11,2.627801e-10,5.605462e-11,2.627803e-10
run_510_940,510m,940m,6.766443e-11,2.241227e-10,6.766443e-11,2.241226e-10
run_570_600,570m,600m,6.097333e-11,2.574294e-10,6.097333e-11,2.574295e-10
run_480_500,480m,500m,6.875904e-11,3.063918e-10,6.875904e-11,3.063920e-10
run_600_520,600m,520m,5.778106e-11,2.707286e-10,5.778106e-11,2.707288e-10
run_510_560,510m,560m,6.497919e-11,2.755149e-10,6.497919e-11,2.755151e-10
run_430_980,430m,980m,8.147398e-11,2.416740e-10,8.147398e-11,2.416740e-10
run_660_580,660m,580m,5.223188e-11,2.461404e-10,5.223188e-11,2.461405e-10
run_570_780,570m,780m,6.218151e-11,2.320056e-10,6.218151e-11,2.320056e-10
run_500_980,500m,980m,6.929093e-11,2.224908e-10,6.929094e-11,2.224908e-10
run_560_440,560m,440m,6.216608e-11,3.193125e-10,6.216609e-11,3.193128e-10
run_460_920,460m,920m,7.529719e-11,2.383455e-10,7.529719e-11,2.383455e-10
run_450_980,450m,980m,7.750121e-11,2.353387e-10,7.750121e-11,2.353387e-10
run_520_480,520m,480m,6.229180e-11,2.993768e-10,6.311281e-11,2.954749e-10
run_480_540,480m,540m,6.909384e-11,2.928360e-10,6.909384e-11,2.928363e-10
run_630_620,630m,620m,5.640106e-11,2.448195e-10,5.640106e-11,2.448196e-10
run_540_440,540m,440m,6.072151e-11,3.148961e-10,6.072151e-11,3.148965e-10
run_650_920,650m,920m,5.435545e-11,2.015483e-10,5.435545e-11,2.015482e-10
run_510_580,510m,580m,6.513077e-11,2.695791e-10,6.513077e-11,2.695793e-10
run_460_520,460m,520m,7.216111e-11,3.077990e-10,7.216111e-11,3.077993e-10
run_460_620,460m,620m,7.297678e-11,2.754231e-10,7.297678e-11,2.754233e-10
run_570_540,570m,540m,6.056684e-11,2.710979e-10,6.056685e-11,2.710981e-10
run_490_900,490m,900m,7.026865e-11,2.322264e-10,7.026866e-11,2.322264e-10
run_430_960,430m,960m,8.134782e-11,2.433847e-10,8.134782e-11,2.433847e-10
run_490_880,490m,880m,7.013317e-11,2.341234e-10,7.013317e-11,2.341234e-10
run_580_540,580m,540m,5.764784e-11,2.716630e-10,5.881960e-11,2.652216e-10
run_620_700,620m,700m,5.704271e-11,2.321598e-10,5.704271e-11,2.321598e-10
run_550_580,550m,580m,6.500276e-11,2.752172e-10,6.584208e-11,2.726630e-10
run_430_460,430m,460m,7.718793e-11,3.427249e-10,7.718793e-11,3.427250e-10
run_590_980,590m,980m,6.125106e-11,1.994647e-10,6.012140e-11,2.021423e-10
run_470_580,470m,580m,7.098901e-11,2.827503e-10,7.098901e-11,2.827505e-10
run_460_540,460m,540m,7.233388e-11,3.018180e-10,7.233388e-11,3.018182e-10
run_420_740,420m,740m,8.177299e-11,2.717285e-10,8.177299e-11,2.717285e-10
run_460_560,460m,560m,7.249238e-11,2.968118e-10,7.249238e-11,2.968120e-10
run_440_820,440m,820m,7.828382e-11,2.551473e-10,7.828382e-11,2.551473e-10
run_610_560,610m,560m,5.635546e-11,2.600534e-10,5.635547e-11,2.600536e-10
run_460_680,460m,680m,7.344153e-11,2.645961e-10,7.344153e-11,2.645962e-10
run_520_920,520m,920m,6.620196e-11,2.234968e-10,6.620197e-11,2.234968e-10
run_530_920,530m,920m,6.509521e-11,2.215953e-10,6.509521e-11,2.215953e-10
run_600_800,600m,800m,5.958446e-11,2.251816e-10,5.958446e-11,2.251816e-10
run_480_820,480m,820m,7.039685e-11,2.402468e-10,7.129454e-11,2.384140e-10
run_460_1000,460m,1000m,7.580062e-11,2.320098e-10,7.580062e-11,2.320098e-10
run_560_460,560m,460m,6.232257e-11,3.086615e-10,6.232258e-11,3.086618e-10
run_470_420,470m,420m,6.962244e-11,3.473677e-10,6.962244e-11,3.473679e-10
run_580_980,580m,980m,6.110929e-11,2.085618e-10,6.110929e-11,2.085618e-10
run_580_760,580m,760m,5.981619e-11,2.297215e-10,5.981620e-11,2.297215e-10
run_480_600,480m,600m,6.956139e-11,2.730079e-10,6.956139e-11,2.730080e-10
run_650_880,650m,880m,5.414462e-11,2.053092e-10,5.414462e-11,2.053092e-10
run_500_820,500m,820m,6.826070e-11,2.379617e-10,6.826070e-11,2.379617e-10
run_500_660,500m,660m,6.705003e-11,2.563104e-10,6.705004e-11,2.563105e-10
run_650_660,650m,660m,5.287262e-11,2.302516e-10,5.287262e-11,2.302516e-10
run_460_980,460m,980m,7.568002e-11,2.325004e-10,7.568002e-11,2.325004e-10
run_640_980,640m,980m,5.835653e-11,2.031145e-10,5.835653e-11,2.031144e-10
run_540_960,540m,960m,6.426247e-11,2.157691e-10,6.426247e-11,2.157691e-10
run_420_940,420m,940m,8.339362e-11,2.497680e-10,8.339362e-11,2.497680e-10
run_530_800,530m,800m,6.431725e-11,2.333939e-10,6.431725e-11,2.333939e-10
run_520_780,520m,780m,6.526763e-11,2.373265e-10,6.526763e-11,2.373265e-10
run_480_840,480m,840m,7.137589e-11,2.398353e-10,7.137589e-11,2.398353e-10
run_610_980,610m,980m,5.884393e-11,2.044476e-10,5.884393e-11,2.044476e-10
run_560_820,560m,820m,6.489040e-11,2.324500e-10,6.489040e-11,2.324500e-10
run_540_520,540m,520m,6.133128e-11,2.767083e-10,6.133128e-11,2.767085e-10
run_660_640,660m,640m,5.192281e-11,2.334669e-10,5.351332e-11,2.232188e-10
run_440_540,440m,540m,FAILED,FAILED,FAILED,FAILED
run_570_480,570m,480m,6.012707e-11,2.920057e-10,6.012707e-11,2.920060e-10
run_550_840,550m,840m,6.766134e-11,2.340888e-10,6.766134e-11,2.340888e-10
run_460_740,460m,740m,7.393513e-11,2.571620e-10,7.393513e-11,2.571621e-10
run_610_600,610m,600m,5.661055e-11,2.494638e-10,5.661055e-11,2.494639e-10
run_640_840,640m,840m,5.760280e-11,2.083429e-10,5.691322e-11,2.115401e-10
run_650_860,650m,860m,5.403866e-11,2.073831e-10,5.403866e-11,2.073830e-10
run_570_840,570m,840m,6.255970e-11,2.249392e-10,6.255971e-11,2.249392e-10
run_500_700,500m,700m,6.736604e-11,2.509376e-10,6.736604e-11,2.509377e-10
run_500_900,500m,900m,6.880093e-11,2.298090e-10,6.880093e-11,2.298090e-10
run_550_620,550m,620m,6.609721e-11,2.633488e-10,6.609721e-11,2.633489e-10
run_610_740,610m,740m,5.747996e-11,2.279141e-10,5.747996e-11,2.279141e-10
run_550_920,550m,920m,6.820199e-11,2.273009e-10,6.742886e-11,2.302784e-10
run_580_960,580m,960m,6.101104e-11,2.100397e-10,6.101104e-11,2.100397e-10
run_420_620,420m,620m,8.073859e-11,2.980995e-10,8.073859e-11,2.980996e-10
run_440_520,440m,520m,7.483266e-11,3.073157e-10,7.582302e-11,3.035771e-10
run_600_560,600m,560m,5.731025e-11,2.674364e-10,5.805909e-11,2.642767e-10
run_520_520,520m,520m,6.340195e-11,2.830761e-10,6.340195e-11,2.830765e-10
run_470_500,470m,500m,7.032805e-11,3.104361e-10,7.032805e-11,3.104363e-10
run_470_600,470m,600m,7.114632e-11,2.759481e-10,7.114632e-11,2.759483e-10
run_540_680,540m,680m,6.243008e-11,2.446948e-10,6.243008e-11,2.446948e-10
run_510_920,510m,920m,6.753456e-11,2.257425e-10,6.753456e-11,2.257424e-10
run_620_840,620m,840m,5.788924e-11,2.163266e-10,5.788925e-11,2.163266e-10
run_470_980,470m,980m,7.395582e-11,2.298248e-10,7.395582e-11,2.298248e-10
run_460_460,460m,460m,7.162811e-11,3.305191e-10,7.162811e-11,3.305193e-10
run_420_600,420m,600m,8.056923e-11,3.032058e-10,8.056923e-11,3.032059e-10
run_500_460,500m,460m,6.553136e-11,3.161207e-10,6.553136e-11,3.161210e-10
run_580_900,580m,900m,6.068052e-11,2.157588e-10,6.068052e-11,2.157588e-10
run_590_460,590m,460m,5.756793e-11,2.956009e-10,5.756793e-11,2.956013e-10
run_510_660,510m,660m,6.568621e-11,2.538369e-10,6.568621e-11,2.538370e-10
run_450_600,450m,600m,7.458938e-11,2.859324e-10,7.458938e-11,2.859327e-10
run_500_540,500m,540m,6.618254e-11,2.842203e-10,6.618254e-11,2.842207e-10
run_430_900,430m,900m,8.092146e-11,2.498191e-10,8.092145e-11,2.498191e-10
run_490_700,490m,700m,6.880690e-11,2.535052e-10,6.880690e-11,2.535053e-10
run_510_740,510m,740m,6.537002e-11,2.379949e-10,6.625081e-11,2.395844e-10
run_450_1000,450m,1000m,7.762372e-11,2.348373e-10,7.762372e-11,2.348373e-10
run_550_860,550m,860m,6.781245e-11,2.329783e-10,6.781246e-11,2.329783e-10
run_640_500,640m,500m,5.551995e-11,2.713912e-10,5.551996e-11,2.713914e-10
run_490_840,490m,840m,6.983972e-11,2.372706e-10,6.983972e-11,2.372706e-10
run_540_900,540m,900m,6.391134e-11,2.214643e-10,6.391134e-11,2.214642e-10
run_620_660,620m,660m,5.677763e-11,2.375352e-10,5.677763e-11,2.375353e-10
run_520_420,520m,420m,6.260911e-11,3.320222e-10,6.260911e-11,3.320225e-10
