TIME,V(XTOP:B),V(XTOP:XDUT:I_1),V(XTOP:VPWR),V(XTOP:XDUT:I_2),V(XTOP:XDUT:I_0),V(XTOP:X),V(XTOP:A),V(XTOP:XDUT:I_3),I(XTOP:VB_DRIVER),I(XTOP:VA_DRIVER),I(XTOP:CFAKE_LOAD),I(XTOP:VPOWER)
0.00000000e+00,0.00000000e+00,1.79999999e+00,1.80000000e+00,1.80000000e+00,1.79999997e+00,2.70603345e-09,0.00000000e+00,2.34467012e-10,-4.17002768e-49,-3.90652517e-49,0.00000000e+00,-6.49568958e-12
2.50000000e-13,0.00000000e+00,1.79999999e+00,1.80000000e+00,1.80000000e+00,1.79999997e+00,2.70603346e-09,0.00000000e+00,2.34467012e-10,9.96152256e-21,-2.23711651e-20,7.62024469e-20,-6.49568956e-12
7.50000000e-13,0.00000000e+00,1.79999999e+00,1.80000000e+00,1.80000000e+00,1.79999997e+00,2.70603344e-09,0.00000000e+00,2.34467012e-10,-1.03962122e-20,-3.16414549e-20,-6.59365476e-20,-6.49568960e-12
1.75000000e-12,0.00000000e+00,1.79999999e+00,1.80000000e+00,1.80000000e+00,1.79999997e+00,2.70603342e-09,0.00000000e+00,2.34467013e-10,3.36717564e-20,2.86282464e-20,9.86936241e-21,-6.49568948e-12
3.75000000e-12,0.00000000e+00,1.79999999e+00,1.80000000e+00,1.80000000e+00,1.79999997e+00,2.70603347e-09,0.00000000e+00,2.34467013e-10,-1.78450644e-19,-4.80819133e-20,7.85728776e-20,-6.49568934e-12
7.75000000e-12,0.00000000e+00,1.79999999e+00,1.80000000e+00,1.80000000e+00,1.79999997e+00,2.70603354e-09,0.00000000e+00,2.34466959e-10,5.01077335e-19,9.14034743e-20,-7.74266427e-21,-6.49568985e-12
1.27500000e-11,0.00000000e+00,1.79999999e+00,1.80000000e+00,1.80000000e+00,1.79999997e+00,2.70603346e-09,0.00000000e+00,2.34466901e-10,-5.71168250e-19,-1.65647149e-19,-5.68528900e-20,-6.49568920e-12
1.77500000e-11,0.00000000e+00,1.79999999e+00,1.80000000e+00,1.80000000e+00,1.79999997e+00,2.70603352e-09,0.00000000e+00,2.34466758e-10,5.76282522e-19,2.62121233e-19,1.09671039e-19,-6.49568997e-12
2.27500000e-11,0.00000000e+00,1.79999999e+00,1.80000000e+00,1.80000000e+00,1.79999997e+00,2.70603351e-09,0.00000000e+00,2.34466954e-10,-5.55822194e-19,-2.51869424e-19,-1.18361322e-19,-6.49568921e-12
2.77500000e-11,0.00000000e+00,1.79999999e+00,1.80000000e+00,1.80000000e+00,1.79999997e+00,2.70603350e-09,0.00000000e+00,2.34466968e-10,5.75913420e-19,2.27324719e-19,1.06712544e-19,-6.49569005e-12
3.27500000e-11,0.00000000e+00,1.79999999e+00,1.80000000e+00,1.80000000e+00,1.79999997e+00,2.70603356e-09,0.00000000e+00,2.34466987e-10,-3.81606556e-19,-2.50279644e-19,-5.72099041e-20,-6.49568897e-12
3.77500000e-11,0.00000000e+00,1.79999999e+00,1.80000000e+00,1.80000000e+00,1.79999997e+00,2.70603352e-09,0.00000000e+00,2.34467003e-10,5.27185504e-19,3.94446899e-19,2.33050876e-20,-6.49569029e-12
4.27500000e-11,0.00000000e+00,1.79999999e+00,1.80000000e+00,1.80000000e+00,1.79999997e+00,2.70603349e-09,0.00000000e+00,2.34467015e-10,-4.58488363e-19,-2.97908257e-19,-4.64156815e-20,-6.49568913e-12
4.77500000e-11,0.00000000e+00,1.79999999e+00,1.80000000e+00,1.80000000e+00,1.79999997e+00,2.70603363e-09,0.00000000e+00,2.34467020e-10,1.19703836e-19,5.06713644e-19,1.54632886e-19,-6.49569012e-12
5.00000000e-11,0.00000000e+00,1.79999999e+00,1.80000000e+00,1.80000000e+00,1.79999997e+00,2.70603355e-09,0.00000000e+00,2.34466946e-10,3.88955445e-19,-6.55802088e-19,-2.97135617e-19,-6.49568921e-12
5.02859672e-11,1.02948209e-02,1.80937569e+00,1.80000000e+00,1.80901664e+00,1.80417089e+00,1.12772220e-03,1.02948209e-02,5.29191584e-03,-9.36489423e-05,-1.03220088e-04,7.88705355e-06,1.20935401e-04
5.05361458e-11,1.93012498e-02,1.81687276e+00,1.80000000e+00,1.81617433e+00,1.80780806e+00,2.03401925e-03,1.93012498e-02,9.89341149e-03,-9.74214335e-05,-1.06751771e-04,7.24520098e-06,1.27306618e-04
5.10365030e-11,3.73141077e-02,1.83068168e+00,1.80000000e+00,1.82923853e+00,1.81515461e+00,3.73540403e-03,3.73141077e-02,1.92086174e-02,-1.02374712e-04,-1.11720716e-04,6.35616145e-06,1.36941506e-04
5.20372173e-11,7.33398234e-02,1.85293013e+00,1.80000000e+00,1.84949775e+00,1.83013871e+00,6.52922593e-03,7.33398234e-02,3.82248873e-02,-1.09415883e-04,-1.18982720e-04,4.81114905e-06,1.50733149e-04
5.30379316e-11,1.09365539e-01,1.87028008e+00,1.80000000e+00,1.86407664e+00,1.84520615e+00,8.61366216e-03,1.09365539e-01,5.76964834e-02,-1.14046577e-04,-1.23390763e-04,3.52064425e-06,1.60000255e-04
5.50393603e-11,1.81416971e-01,1.89757399e+00,1.80000000e+00,1.88380522e+00,1.87466818e+00,1.12373623e-02,1.81416971e-01,9.79581510e-02,-1.19161353e-04,-1.28118381e-04,1.72301025e-06,1.70551121e-04
5.90422176e-11,3.25519834e-01,1.94040140e+00,1.80000000e+00,1.90759110e+00,1.92991875e+00,1.31157113e-02,3.25519834e-01,1.84578819e-01,-1.22648104e-04,-1.30155212e-04,1.53997985e-07,1.78013792e-04
6.30450749e-11,4.69622697e-01,1.97928178e+00,1.80000000e+00,1.92639447e+00,1.98193839e+00,1.35647887e-02,4.69622697e-01,2.84189862e-01,-1.23792874e-04,-1.29815105e-04,2.94758885e-07,1.77230142e-04
6.70479322e-11,6.13725560e-01,2.02011827e+00,1.80000000e+00,1.94834207e+00,2.03349380e+00,1.47512106e-02,6.13725560e-01,4.06272561e-01,-1.26244082e-04,-1.29736702e-04,8.90816063e-07,1.71595505e-04
7.10507895e-11,7.57828423e-01,2.06112213e+00,1.80000000e+00,1.97509132e+00,2.07367447e+00,1.65043597e-02,7.57828423e-01,5.31207713e-01,-1.35107844e-04,-1.32687661e-04,8.61081642e-07,1.58703280e-04
7.15873222e-11,7.77143599e-01,2.06660980e+00,1.80000000e+00,1.97911038e+00,2.07665213e+00,1.67177624e-02,7.77143599e-01,5.43699738e-01,-1.36493344e-04,-1.32724375e-04,7.95488393e-07,1.54768867e-04
7.26603875e-11,8.15773950e-01,2.07740390e+00,1.80000000e+00,1.98716657e+00,2.08046805e+00,1.72572887e-02,8.15773950e-01,5.62491987e-01,-1.41968364e-04,-1.34773415e-04,1.21567079e-06,1.46740607e-04
7.48065182e-11,8.93034654e-01,2.10250980e+00,1.80000000e+00,2.00447896e+00,2.07534066e+00,1.93344193e-02,8.93034654e-01,5.45162891e-01,-1.52009679e-04,-1.36490034e-04,2.65572546e-06,1.17806842e-04
7.67013373e-11,9.61248144e-01,2.12559933e+00,1.80000000e+00,2.02124862e+00,2.05170056e+00,2.20545536e-02,9.61248144e-01,4.53531123e-01,-1.65685359e-04,-1.45521059e-04,3.08653090e-06,1.00711296e-04
7.84066746e-11,1.02264028e+00,2.14491773e+00,1.80000000e+00,2.03765945e+00,2.00979976e+00,2.46097024e-02,1.02264028e+00,3.12781600e-01,-1.71777934e-04,-1.50489100e-04,2.90676766e-06,7.82192896e-05
8.01120118e-11,1.08403243e+00,2.16018962e+00,1.80000000e+00,2.05481306e+00,1.93909666e+00,2.57173849e-02,1.08403243e+00,1.81987610e-01,-1.70897694e-04,-1.61760323e-04,-3.08612969e-07,7.02420717e-05
8.16468153e-11,1.13928535e+00,2.17074115e+00,1.80000000e+00,2.06967144e+00,1.84334673e+00,2.29532083e-02,1.13928535e+00,1.16961778e-01,-1.64914967e-04,-1.63132188e-04,-6.89537531e-06,5.74668960e-05
8.30281385e-11,1.18901299e+00,2.18130373e+00,1.80000000e+00,2.08113010e+00,1.73737806e+00,1.65473810e-02,1.18901299e+00,8.12881894e-02,-1.64885884e-04,-1.61895653e-04,-1.16544542e-05,4.61126723e-05
8.44094617e-11,1.23874062e+00,2.19385942e+00,1.80000000e+00,2.08828226e+00,1.61726491e+00,7.47357229e-03,1.23874062e+00,5.81446636e-02,-1.63744196e-04,-1.62794812e-04,-1.46212470e-05,4.01723912e-05
8.57907848e-11,1.28846825e+00,2.20819140e+00,1.80000000e+00,2.08829290e+00,1.48478019e+00,-3.55809961e-03,1.28846825e+00,4.22676167e-02,-1.68294742e-04,-1.65282877e-04,-1.73239840e-05,3.80478673e-05
8.71721080e-11,1.33819589e+00,2.22393185e+00,1.80000000e+00,2.07922808e+00,1.34127201e+00,-1.55755692e-02,1.33819589e+00,3.01761673e-02,-1.69064228e-04,-1.67573555e-04,-1.74758945e-05,3.19502003e-05
8.85534312e-11,1.38792352e+00,2.24075561e+00,1.80000000e+00,2.05857270e+00,1.18535492e+00,-2.65057333e-02,1.38792352e+00,2.02990632e-02,-1.73310131e-04,-1.68665597e-04,-1.41753927e-05,2.33582534e-05
8.99347543e-11,1.43765116e+00,2.25832600e+00,1.80000000e+00,2.02081093e+00,1.01427077e+00,-3.52938753e-02,1.43765116e+00,1.23002079e-02,-1.72447941e-04,-1.68520001e-04,-1.12730824e-05,6.78930948e-06
9.13160775e-11,1.48737879e+00,2.27637686e+00,1.80000000e+00,1.95635223e+00,8.24014514e-01,-4.11123707e-02,1.48737879e+00,6.25454007e-03,-1.72460529e-04,-1.64516416e-04,-5.57596657e-06,-1.62230340e-05
9.26974006e-11,1.53710642e+00,2.29462129e+00,1.80000000e+00,1.85451879e+00,6.09026391e-01,-4.14541828e-02,1.53710642e+00,2.77391144e-03,-1.68854014e-04,-1.59540983e-04,4.58615587e-06,-4.28356863e-05
9.40787238e-11,1.58683406e+00,2.31308077e+00,1.80000000e+00,1.73460080e+00,3.86353007e-01,-3.02820810e-02,1.58683406e+00,3.78747159e-03,-1.73972060e-04,-1.58403663e-04,2.77657286e-05,-5.21547196e-05
9.54600470e-11,1.63656169e+00,2.33220443e+00,1.80000000e+00,1.62949944e+00,2.18558508e-01,-5.61305871e-03,1.63656169e+00,1.12792516e-02,-1.75679590e-04,-1.62484270e-04,4.36701899e-05,4.38301364e-06
9.66831993e-11,1.68059517e+00,2.34960938e+00,1.80000000e+00,1.55136016e+00,1.22624886e-01,2.05337929e-02,1.68059517e+00,2.23105018e-02,-1.50390005e-04,-1.36450833e-04,4.18362548e-05,1.37352177e-05
9.79063516e-11,1.72462866e+00,2.36722847e+00,1.80000000e+00,1.48902210e+00,6.68919127e-02,4.54357126e-02,1.72462866e+00,3.33167237e-02,-1.45947746e-04,-1.35205086e-04,3.95989658e-05,5.67035081e-05
9.91295039e-11,1.76866214e+00,2.38473171e+00,1.80000000e+00,1.43967775e+00,3.74565245e-02,6.74345423e-02,1.76866214e+00,4.48093042e-02,-1.27678109e-04,-1.18131078e-04,3.23424574e-05,5.23470473e-05
1.00000000e-10,1.80000000e+00,2.39694744e+00,1.80000000e+00,1.41091071e+00,2.64320548e-02,8.07984335e-02,1.80000000e+00,5.22620178e-02,-1.34791898e-04,-1.27530525e-04,2.90657064e-05,7.95582819e-05
1.00122315e-10,1.80000000e+00,2.39642609e+00,1.80000000e+00,1.40593599e+00,2.36387974e-02,8.15384172e-02,1.80000000e+00,5.02311887e-02,-3.00780605e-05,-2.43543234e-05,1.20996158e-05,-2.84407313e-05
1.00244630e-10,1.80000000e+00,2.39610763e+00,1.80000000e+00,1.40122791e+00,2.11262203e-02,8.22206446e-02,1.80000000e+00,4.86216409e-02,-2.27188346e-05,-1.78242132e-05,1.11552321e-05,-3.64141713e-05
1.00489261e-10,1.80000000e+00,2.39551984e+00,1.80000000e+00,1.39204727e+00,1.64739554e-02,8.34619131e-02,1.80000000e+00,4.60123764e-02,-1.76181456e-05,-1.37697211e-05,9.14098990e-06,-3.59249501e-05
1.00978522e-10,1.80000000e+00,2.39439467e+00,1.80000000e+00,1.37490169e+00,9.07042093e-03,8.53548911e-02,1.80000000e+00,4.33438463e-02,-1.29543048e-05,-1.03780154e-05,6.33523465e-06,-3.00019456e-05
1.01957044e-10,1.80000000e+00,2.39224709e+00,1.80000000e+00,1.34462935e+00,-2.97792969e-04,8.76499050e-02,1.80000000e+00,4.23406760e-02,-6.61918247e-06,-5.45789602e-06,3.04631905e-06,-2.50910987e-05
1.03914087e-10,1.80000000e+00,2.38830634e+00,1.80000000e+00,1.29539531e+00,-8.20683779e-03,8.84383022e-02,1.80000000e+00,4.32453342e-02,-3.66239736e-06,-3.76905201e-06,-1.43491449e-06,-1.67916603e-05
1.05871131e-10,1.80000000e+00,2.38472702e+00,1.80000000e+00,1.25773926e+00,-7.87780299e-03,8.58031972e-02,1.80000000e+00,4.28060929e-02,-2.24461344e-06,-3.14541102e-06,-3.95097452e-06,-1.27850430e-05
1.07828175e-10,1.80000000e+00,2.38141570e+00,1.80000000e+00,1.22703028e+00,-6.61476442e-03,8.06735343e-02,1.80000000e+00,4.08632527e-02,-3.14050687e-06,-4.42411400e-06,-6.53353914e-06,-1.10231198e-05
1.11742262e-10,1.80000000e+00,2.37540195e+00,1.80000000e+00,1.17909544e+00,-4.56366932e-03,6.75569869e-02,1.80000000e+00,3.48881417e-02,-2.09474333e-06,-3.62461630e-06,-6.87091098e-06,-7.58506277e-06
1.19570437e-10,1.80000000e+00,2.36523553e+00,1.80000000e+00,1.11552757e+00,-2.26301247e-03,4.27015439e-02,1.80000000e+00,2.24244684e-02,-2.36378882e-06,-3.47367987e-06,-5.82959379e-06,-4.76746866e-06
1.27398612e-10,1.80000000e+00,2.35690366e+00,1.80000000e+00,1.07678107e+00,-1.25323088e-03,2.58251167e-02,1.80000000e+00,1.35709123e-02,-9.34667063e-07,-1.56624384e-06,-2.79383506e-06,-2.72217098e-06
1.35226787e-10,1.80000000e+00,2.34984889e+00,1.80000000e+00,1.05028479e+00,-7.06405126e-04,1.62381420e-02,1.80000000e+00,8.49520040e-03,-1.43392913e-06,-1.73586722e-06,-2.10486732e-06,-2.30820808e-06
1.50883137e-10,1.80000000e+00,2.33821335e+00,1.80000000e+00,1.01465346e+00,-2.52438251e-04,7.45058639e-03,1.80000000e+00,3.83327189e-03,-2.10369715e-07,-2.74599479e-07,-1.40242366e-07,-1.01130977e-06
1.66539486e-10,1.80000000e+00,2.32894209e+00,1.80000000e+00,9.91940049e-01,-8.92320338e-05,4.60157259e-03,1.80000000e+00,2.34941151e-03,-8.84021034e-07,-8.72486582e-07,-5.87644749e-07,-1.08142865e-06
1.97852186e-10,1.80000000e+00,2.31440767e+00,1.80000000e+00,9.62025192e-01,7.76679030e-06,2.38069961e-03,1.80000000e+00,1.20258398e-03,1.10017098e-07,1.23728329e-07,3.03942223e-07,-3.08253907e-07
2.29164885e-10,1.80000000e+00,2.30339205e+00,1.80000000e+00,9.42885531e-01,3.55733013e-05,1.62889160e-03,1.80000000e+00,8.22525739e-04,-6.41589633e-07,-6.07921170e-07,-3.99980957e-07,-6.00406267e-07
2.91790284e-10,1.80000000e+00,2.28671561e+00,1.80000000e+00,9.17046209e-01,3.85916055e-05,9.19681786e-04,1.80000000e+00,4.61435726e-04,2.66117911e-07,2.75252718e-07,3.54682415e-07,-2.82984926e-08
3.54415683e-10,1.80000000e+00,2.27447966e+00,1.80000000e+00,8.99912224e-01,3.88207850e-05,6.62372978e-04,1.80000000e+00,3.33044831e-04,-5.20421335e-07,-4.94146607e-07,-3.71117204e-07,-4.00915753e-07
4.54415683e-10,1.80000000e+00,2.25960498e+00,1.80000000e+00,8.80302431e-01,2.77290874e-05,4.27718317e-04,1.80000000e+00,2.14009112e-04,3.37794383e-07,3.38993485e-07,3.61731018e-07,8.65021035e-08
5.54415683e-10,1.80000000e+00,2.24828870e+00,1.80000000e+00,8.66033048e-01,2.70593449e-05,3.30099044e-04,1.80000000e+00,1.65715889e-04,-4.67659799e-07,-4.47533521e-07,-3.65635789e-07,-3.19539627e-07
6.00000000e-10,1.80000000e+00,2.24391783e+00,1.80000000e+00,8.60640004e-01,2.02408348e-05,2.88574080e-04,1.80000000e+00,1.44411592e-04,3.60209236e-07,3.57804006e-07,3.61991995e-07,1.24208230e-07
6.01382803e-10,1.80000000e+00,2.23347914e+00,1.80000000e+00,8.54909442e-01,-5.07085082e-03,-8.07416837e-03,1.75021909e+00,-9.16913565e-03,-8.10100996e-06,1.17668763e-04,-1.20953496e-05,-5.46402767e-05
6.02477322e-10,1.80000000e+00,2.22466247e+00,1.80000000e+00,8.51007464e-01,-7.22354998e-03,-1.39741566e-02,1.71081641e+00,-1.35433938e-02,-6.20075141e-06,1.20029401e-04,-1.07809704e-05,-5.37329910e-05
6.03571841e-10,1.80000000e+00,2.21526471e+00,1.80000000e+00,8.47258011e-01,-8.74977657e-03,-1.96122524e-02,1.67141373e+00,-1.72743589e-02,-5.29926006e-06,1.21188844e-04,-9.82386488e-06,-5.26428690e-05
6.05760879e-10,1.80000000e+00,2.19466905e+00,1.80000000e+00,8.40193704e-01,-9.80116966e-03,-2.88320034e-02,1.59260836e+00,-2.20592973e-02,-4.41791625e-06,1.22341202e-04,-7.02326405e-06,-5.18908641e-05
6.10138955e-10,1.80000000e+00,2.14590723e+00,1.80000000e+00,8.24701647e-01,-1.05047861e-02,-4.13373206e-02,1.43499763e+00,-2.76502052e-02,-4.16909089e-06,1.22939778e-04,-4.40213625e-06,-5.13131574e-05
6.14517030e-10,1.80000000e+00,2.08640037e+00,1.80000000e+00,8.03295970e-01,-1.17173089e-02,-4.93433166e-02,1.27738690e+00,-2.99529682e-02,-3.44542125e-06,1.24470464e-04,-2.91248898e-06,-5.22302755e-05
6.18895106e-10,1.80000000e+00,2.01490329e+00,1.80000000e+00,7.69328131e-01,-1.36596928e-02,-5.57061846e-02,1.11977617e+00,-3.02026689e-02,-3.49490595e-06,1.27660314e-04,-2.90090324e-06,-5.50131571e-05
6.23273182e-10,1.80000000e+00,1.92916629e+00,1.80000000e+00,7.19528090e-01,-1.58315702e-02,-6.26743069e-02,9.62165443e-01,-2.86652360e-02,-3.04625767e-06,1.32803247e-04,-3.46547550e-06,-6.08109566e-05
6.27651258e-10,1.80000000e+00,1.82163174e+00,1.80000000e+00,6.72508969e-01,-1.67806695e-02,-7.29220551e-02,8.04554713e-01,-2.46016998e-02,-2.64935173e-06,1.40675856e-04,-5.89731184e-06,-7.28776575e-05
6.32029334e-10,1.80000000e+00,1.74337794e+00,1.80000000e+00,6.72971519e-01,-1.44698783e-02,-8.78180366e-02,6.46943983e-01,-1.68798788e-02,1.57927367e-06,1.44855364e-04,-7.71230298e-06,-8.94465093e-05
6.35661028e-10,1.80000000e+00,1.69805094e+00,1.80000000e+00,7.37323447e-01,-8.25180129e-03,-1.02244409e-01,5.16202981e-01,-1.02843017e-02,2.11021371e-06,1.38006721e-04,-8.17710909e-06,-9.48211025e-05
6.38929553e-10,1.80000000e+00,1.67351018e+00,1.80000000e+00,8.45604756e-01,1.18131971e-03,-1.16976180e-01,3.98536080e-01,-8.33735949e-03,4.88055381e-06,1.41173016e-04,-9.85153761e-06,-1.09692665e-04
6.42198078e-10,1.80000000e+00,1.66454174e+00,1.80000000e+00,9.85275449e-01,1.30485198e-02,-1.35125454e-01,2.80869179e-01,-7.12378457e-03,5.39381616e-06,1.38813842e-04,-1.23594280e-05,-1.17936248e-04
6.45466603e-10,1.80000000e+00,1.66687004e+00,1.80000000e+00,1.13628012e+00,2.46950097e-02,-1.52763693e-01,1.63202277e-01,-6.57311823e-03,5.70217058e-06,1.44112363e-04,-9.22613507e-06,-1.35779970e-04
6.48735128e-10,1.80000000e+00,1.67586315e+00,1.80000000e+00,1.26860414e+00,2.85892697e-02,-1.58731702e-01,4.55353760e-02,-6.27695212e-03,2.17203199e-06,1.45708491e-04,1.92252296e-06,-1.48458006e-04
6.50000000e-10,1.80000000e+00,1.68016324e+00,1.80000000e+00,1.30787523e+00,2.70175256e-02,-1.55689142e-01,2.44249065e-15,-6.19745274e-03,1.67636878e-06,1.52280441e-04,7.69919692e-06,-1.57854555e-04
6.50326853e-10,1.80000000e+00,1.68723055e+00,1.80000000e+00,1.32079623e+00,2.81548548e-02,-1.53760797e-01,0.00000000e+00,-4.36698670e-03,9.03809013e-06,2.46293062e-05,1.17994830e-05,-7.39652082e-05
6.50613127e-10,1.80000000e+00,1.69299007e+00,1.80000000e+00,1.33128214e+00,2.88411778e-02,-1.51879811e-01,0.00000000e+00,-3.20957277e-03,7.30026333e-06,2.26729113e-05,1.31411220e-05,-7.31284477e-05
6.51185677e-10,1.80000000e+00,1.70388393e+00,1.80000000e+00,1.35073361e+00,2.97305356e-02,-1.47705293e-01,0.00000000e+00,-1.51580014e-03,4.91791013e-06,2.12830490e-05,1.60232876e-05,-7.35409556e-05
6.52330776e-10,1.80000000e+00,1.72248283e+00,1.80000000e+00,1.38266688e+00,2.95224939e-02,-1.37073081e-01,0.00000000e+00,-2.85617135e-04,2.53850270e-06,1.80631424e-05,2.11165958e-05,-7.32923424e-05
6.53475875e-10,1.80000000e+00,1.73747762e+00,1.80000000e+00,1.40728398e+00,2.77043126e-02,-1.23658210e-01,0.00000000e+00,-1.04078906e-04,1.18342088e-06,1.58433137e-05,2.57435230e-05,-7.27627603e-05
6.54620975e-10,1.80000000e+00,1.74957047e+00,1.80000000e+00,1.42645972e+00,2.51900298e-02,-1.07801708e-01,0.00000000e+00,-7.72993284e-05,6.46743886e-07,1.34601041e-05,2.96455687e-05,-7.17806241e-05
6.56911173e-10,1.80000000e+00,1.76734653e+00,1.80000000e+00,1.45370951e+00,1.99449529e-02,-7.01771443e-02,0.00000000e+00,-6.18185206e-05,-1.12613115e-07,1.05161792e-05,3.60685007e-05,-7.00794507e-05
6.61491570e-10,1.80000000e+00,1.78689982e+00,1.80000000e+00,1.48303115e+00,1.21200536e-02,2.13788992e-02,0.00000000e+00,-4.71084399e-07,-9.96112521e-08,6.49604940e-06,4.38861823e-05,-6.68504512e-05
6.66071966e-10,1.80000000e+00,1.79475620e+00,1.80000000e+00,1.49584949e+00,8.31100874e-03,1.25356852e-01,0.00000000e+00,-3.76535388e-06,-1.16609624e-07,5.31485783e-06,4.69163900e-05,-6.49946730e-05
6.70652363e-10,1.80000000e+00,1.79790265e+00,1.80000000e+00,1.50306770e+00,6.88844795e-03,2.34643379e-01,0.00000000e+00,2.33905923e-06,1.26161810e-07,4.58583212e-06,4.85220903e-05,-6.34726616e-05
6.79813157e-10,1.80000000e+00,1.79983898e+00,1.80000000e+00,1.51339976e+00,6.12525673e-03,4.55862470e-01,0.00000000e+00,-1.32823351e-07,-1.25708219e-08,4.44838800e-06,4.80717642e-05,-6.15411241e-05
6.88973950e-10,1.80000000e+00,1.79998752e+00,1.80000000e+00,1.52288217e+00,6.09125609e-03,6.73931148e-01,0.00000000e+00,1.41826931e-06,1.68677221e-07,4.17011111e-06,4.71464832e-05,-5.93804939e-05
6.98134744e-10,1.80000000e+00,1.79999920e+00,1.80000000e+00,1.53367343e+00,6.13239291e-03,8.84542275e-01,0.00000000e+00,5.34838824e-07,1.55117142e-08,4.33277714e-06,4.48154741e-05,-5.71574551e-05
7.07295538e-10,1.80000000e+00,1.79999984e+00,1.80000000e+00,1.54782010e+00,6.58751241e-03,1.08157117e+00,0.00000000e+00,9.43146603e-07,2.75438549e-07,4.10409891e-06,4.12158900e-05,-5.32568603e-05
7.16456331e-10,1.80000000e+00,1.80000038e+00,1.80000000e+00,1.56932015e+00,8.61102620e-03,1.24839622e+00,0.00000000e+00,5.77235889e-07,3.29809603e-07,4.22021150e-06,3.16271653e-05,-4.60505364e-05
7.25617125e-10,1.80000000e+00,1.79999996e+00,1.80000000e+00,1.59880295e+00,1.04816981e-02,1.37569811e+00,0.00000000e+00,4.74887523e-07,3.90185860e-07,3.77586635e-06,2.39583650e-05,-3.87777209e-05
7.34777918e-10,1.80000000e+00,1.80000009e+00,1.80000000e+00,1.63237679e+00,9.95833106e-03,1.47306699e+00,0.00000000e+00,4.20066079e-07,1.06958765e-07,3.78146389e-06,1.85571150e-05,-3.27035707e-05
7.43938712e-10,1.80000000e+00,1.79999973e+00,1.80000000e+00,1.66481895e+00,8.58210689e-03,1.54901472e+00,0.00000000e+00,2.34355449e-07,2.68820454e-07,3.04624383e-06,1.46049587e-05,-2.62876392e-05
7.53099506e-10,1.80000000e+00,1.79999999e+00,1.80000000e+00,1.69334914e+00,7.04906421e-03,1.60829512e+00,0.00000000e+00,3.10954558e-07,2.34915242e-08,2.82658150e-06,1.12794381e-05,-2.13380339e-05
7.62260299e-10,1.80000000e+00,1.79999974e+00,1.80000000e+00,1.71713426e+00,5.62947860e-03,1.65427840e+00,0.00000000e+00,9.45066031e-08,2.04149931e-07,2.03582861e-06,8.79885416e-06,-1.64130411e-05
7.71421093e-10,1.80000000e+00,1.80000002e+00,1.80000000e+00,1.73630610e+00,4.41035414e-03,1.68968104e+00,0.00000000e+00,2.32532209e-07,-2.89108367e-08,1.88097991e-06,6.65947787e-06,-1.30770540e-05
7.80581886e-10,1.80000000e+00,1.79999978e+00,1.80000000e+00,1.75142226e+00,3.41189388e-03,1.71675802e+00,0.00000000e+00,9.38758821e-09,1.63558016e-07,1.20950034e-06,5.16350230e-06,-9.70540395e-06
7.98903474e-10,1.80000000e+00,1.80000008e+00,1.80000000e+00,1.77243196e+00,1.97222241e-03,1.75342879e+00,0.00000000e+00,1.59839845e-07,-7.18262900e-08,9.44720088e-07,2.84252394e-06,-5.86318064e-06
8.35546648e-10,1.80000000e+00,1.79999985e+00,1.80000000e+00,1.79237025e+00,5.55290521e-04,1.78726575e+00,0.00000000e+00,-8.42772035e-08,1.16250255e-07,8.02619713e-08,8.51147089e-07,-1.39275803e-06
8.72189822e-10,1.80000000e+00,1.80000014e+00,1.80000000e+00,1.79795628e+00,1.47993908e-04,1.79658587e+00,0.00000000e+00,1.07935770e-07,-1.02697292e-07,2.07609951e-07,1.66245133e-07,-6.19307905e-07
9.08832997e-10,1.80000000e+00,1.79999986e+00,1.80000000e+00,1.79945125e+00,4.07149286e-05,1.79909295e+00,0.00000000e+00,-1.04048221e-07,1.06651498e-07,-1.30491437e-07,1.07429868e-07,7.82805807e-08
9.45476171e-10,1.80000000e+00,1.80000014e+00,1.80000000e+00,1.79985657e+00,9.88852169e-06,1.79975690e+00,0.00000000e+00,1.07679102e-07,-1.05622182e-07,1.51452871e-07,-3.49527465e-08,-2.22488174e-07
1.01876252e-09,1.80000000e+00,1.79999986e+00,1.80000000e+00,1.80001026e+00,-1.24042921e-07,1.80002021e+00,0.00000000e+00,-1.08018840e-07,1.05848081e-07,-1.47554672e-07,4.93245412e-08,1.94276848e-07
1.05000000e-09,1.80000000e+00,1.80000014e+00,1.80000000e+00,1.80000329e+00,-9.38079950e-07,1.80000426e+00,0.00000000e+00,1.10071837e-07,-1.05918714e-07,1.47300742e-07,-5.13672099e-08,-1.90697465e-07
1.05125000e-09,1.80000000e+00,1.82640033e+00,1.80000000e+00,1.81605125e+00,4.50574938e-03,1.80452965e+00,4.50000000e-02,3.19397085e-03,6.13879553e-06,-1.25678895e-04,7.24062148e-06,7.73785761e-05
1.05215453e-09,1.80000000e+00,1.84134355e+00,1.80000000e+00,1.82483195e+00,6.72497459e-03,1.80792727e+00,7.75631679e-02,4.47279823e-03,4.31325858e-06,-1.30133359e-04,7.51242887e-06,8.16319272e-05
1.05305906e-09,1.80000000e+00,1.85452833e+00,1.80000000e+00,1.83248219e+00,8.53281788e-03,1.81137826e+00,1.10126336e-01,5.40141798e-03,2.94285263e-06,-1.33395929e-04,7.74844339e-06,8.50064341e-05
1.05486813e-09,1.80000000e+00,1.87365124e+00,1.80000000e+00,1.84329158e+00,1.04640955e-02,1.81846910e+00,1.75252671e-01,6.07328756e-03,1.55878355e-06,-1.37556030e-04,7.93003889e-06,8.91270588e-05
1.05667719e-09,1.80000000e+00,1.88685516e+00,1.80000000e+00,1.85092570e+00,1.12230063e-02,1.82563645e+00,2.40379007e-01,6.26628807e-03,1.10985879e-06,-1.38962176e-04,7.91758160e-06,9.10838944e-05
1.06029532e-09,1.80000000e+00,1.90671452e+00,1.80000000e+00,1.86373740e+00,1.19496469e-02,1.83993305e+00,3.70631679e-01,6.77963598e-03,9.31200856e-07,-1.40340554e-04,7.88793963e-06,9.21446619e-05
1.06391345e-09,1.80000000e+00,1.92447085e+00,1.80000000e+00,1.87647454e+00,1.30580473e-02,1.85456962e+00,5.00884350e-01,7.99444866e-03,1.34762954e-06,-1.41902323e-04,8.29341847e-06,9.10244251e-05
1.07114971e-09,1.80000000e+00,1.96880017e+00,1.80000000e+00,1.90572211e+00,1.71473393e-02,1.88082087e+00,7.61389693e-01,1.79692470e-02,2.68666539e-06,-1.47857525e-04,6.21753382e-06,8.19634091e-05
1.07838597e-09,1.80000000e+00,2.02943264e+00,1.80000000e+00,1.92409789e+00,1.37082477e-02,1.86625949e+00,1.02189504e+00,5.82764400e-02,4.77139480e-06,-1.38892300e-04,-1.42666513e-05,5.33230471e-05
1.08489861e-09,1.80000000e+00,2.10158470e+00,1.80000000e+00,1.89469239e+00,2.18383046e-03,1.78674123e+00,1.25634984e+00,1.17320441e-01,4.73645991e-06,-1.31258032e-04,-3.45727403e-05,3.30175393e-05
1.09043837e-09,1.80000000e+00,2.16630520e+00,1.80000000e+00,1.80639528e+00,-8.14142369e-03,1.66504462e+00,1.45578140e+00,1.72009704e-01,5.44389555e-06,-1.20375275e-04,-5.32985644e-05,1.63430113e-05
1.09542416e-09,1.80000000e+00,2.21705105e+00,1.80000000e+00,1.71052672e+00,-1.16733437e-02,1.51085670e+00,1.63526981e+00,2.24741326e-01,6.94483398e-06,-1.23441301e-04,-7.04033613e-05,1.00019201e-05
1.10000000e-09,1.80000000e+00,2.25393729e+00,1.80000000e+00,1.60248735e+00,-1.43321183e-02,1.33079187e+00,1.80000000e+00,2.74913463e-01,4.80183771e-06,-1.23151826e-04,-8.70015154e-05,7.63260222e-06
1.10031434e-09,1.78868378e+00,2.25082883e+00,1.80000000e+00,1.59135328e+00,-1.86284907e-02,1.31523659e+00,1.80000000e+00,2.71003494e-01,1.10137370e-04,-2.89528872e-05,-9.89712008e-05,-9.40114627e-05
1.10059616e-09,1.77853831e+00,2.24819084e+00,1.80000000e+00,1.58175292e+00,-2.17886205e-02,1.30129749e+00,1.80000000e+00,2.68397446e-01,1.14427075e-04,-2.41045107e-05,-9.89225224e-05,-9.62967682e-05
1.10115980e-09,1.75824736e+00,2.24282103e+00,1.80000000e+00,1.56289855e+00,-2.70526104e-02,1.27337529e+00,1.80000000e+00,2.64585381e-01,1.18166636e-04,-1.93807243e-05,-9.92346281e-05,-9.32106309e-05
1.10228707e-09,1.71766548e+00,2.23163152e+00,1.80000000e+00,1.52682709e+00,-3.30538334e-02,1.21748866e+00,1.80000000e+00,2.62792784e-01,1.21939243e-04,-1.44335667e-05,-9.90724316e-05,-8.82898158e-05
1.10454162e-09,1.63650170e+00,2.20732842e+00,1.80000000e+00,1.45819588e+00,-3.64655070e-02,1.10518378e+00,1.80000000e+00,2.69571757e-01,1.24284352e-04,-1.05251541e-05,-1.00177823e-04,-8.05046306e-05
1.10905072e-09,1.47417415e+00,2.15026721e+00,1.80000000e+00,1.33689882e+00,-3.37956367e-02,8.80316385e-01,1.80000000e+00,2.98575964e-01,1.23639206e-04,-7.86867011e-06,-9.93009785e-05,-6.86080758e-05
1.11355982e-09,1.31184660e+00,2.08076447e+00,1.80000000e+00,1.24281758e+00,-2.99966779e-02,6.78965490e-01,1.80000000e+00,3.42156821e-01,1.21979158e-04,-6.11922771e-06,-7.93164459e-05,-6.33644056e-05
1.11806892e-09,1.14951905e+00,1.99759595e+00,1.80000000e+00,1.16976614e+00,-2.61293801e-02,5.41954986e-01,1.80000000e+00,3.75809751e-01,1.21509176e-04,-1.22331654e-05,-4.22249222e-05,-5.84896824e-05
1.12209139e-09,1.00470983e+00,1.91179744e+00,1.80000000e+00,1.11295121e+00,-2.36482040e-02,4.72903534e-01,1.80000000e+00,3.82590222e-01,1.24040730e-04,-6.35872273e-06,-2.64406602e-05,-6.16914736e-05
1.12611387e-09,8.59900618e-01,1.81594325e+00,1.80000000e+00,1.06401684e+00,-2.12750744e-02,4.36879792e-01,1.80000000e+00,3.93447937e-01,1.24845116e-04,-4.90295108e-06,-9.38177544e-06,-6.14313855e-05
1.13013635e-09,7.15091402e-01,1.72299045e+00,1.80000000e+00,1.03581124e+00,-1.68897354e-02,4.20960828e-01,1.80000000e+00,4.01101840e-01,1.24993983e-04,-1.07322057e-06,-6.44823100e-06,-7.12600913e-05
1.13415883e-09,5.70282186e-01,1.62331637e+00,1.80000000e+00,1.04713942e+00,-6.21964871e-03,4.12503465e-01,1.80000000e+00,4.00276604e-01,1.12540933e-04,-2.33080173e-06,-1.96187135e-06,-7.25511619e-05
1.13818131e-09,4.25472970e-01,1.51588030e+00,1.80000000e+00,1.10565762e+00,7.37772725e-03,4.04930039e-01,1.80000000e+00,3.95878484e-01,1.09119466e-04,8.03111894e-07,-5.56923288e-06,-8.75064978e-05
1.14220378e-09,2.80663753e-01,1.40244044e+00,1.80000000e+00,1.20190206e+00,1.99257903e-02,3.99832367e-01,1.80000000e+00,3.91240688e-01,1.03269155e-04,-5.82249442e-07,5.00047498e-07,-9.49465740e-05
1.14622626e-09,1.35854537e-01,1.28434300e+00,1.80000000e+00,1.30680200e+00,2.67605397e-02,4.03573722e-01,1.80000000e+00,3.91763548e-01,1.08304893e-04,2.69888683e-06,3.22040012e-06,-1.14685936e-04
1.15000000e-09,-1.11022302e-15,1.17036346e+00,1.80000000e+00,1.38092257e+00,2.51104590e-02,4.20226173e-01,1.80000000e+00,4.03042467e-01,1.10672050e-04,1.85907712e-06,1.44304860e-05,-1.21876533e-04
1.15040225e-09,0.00000000e+00,1.16586573e+00,1.80000000e+00,1.39226670e+00,2.75483263e-02,4.22994753e-01,1.80000000e+00,4.07681122e-01,2.44798881e-06,1.21640209e-05,1.37655449e-05,-6.27770703e-05
1.15076427e-09,0.00000000e+00,1.16187882e+00,1.80000000e+00,1.40159089e+00,2.92164188e-02,4.25728665e-01,1.80000000e+00,4.11423054e-01,1.18194245e-06,1.10033491e-05,1.51035222e-05,-6.27087951e-05
1.15148832e-09,0.00000000e+00,1.15412708e+00,1.80000000e+00,1.41868333e+00,3.17204516e-02,4.31631639e-01,1.80000000e+00,4.18398346e-01,5.84309044e-07,9.61507804e-06,1.75075193e-05,-6.39553993e-05
1.15293641e-09,0.00000000e+00,1.13991635e+00,1.80000000e+00,1.44569161e+00,3.31620620e-02,4.45510195e-01,1.80000000e+00,4.31350886e-01,-5.54429215e-07,8.82480014e-06,2.08285945e-05,-6.52257238e-05
1.15438450e-09,0.00000000e+00,1.12723529e+00,1.80000000e+00,1.46541995e+00,3.17413901e-02,4.61522837e-01,1.80000000e+00,4.45160321e-01,-8.84536350e-07,8.96073250e-06,2.34024066e-05,-6.57951755e-05
1.15728069e-09,0.00000000e+00,1.10550455e+00,1.80000000e+00,1.49125690e+00,2.62495502e-02,4.98152262e-01,1.80000000e+00,4.77386167e-01,-1.32293313e-06,1.01363853e-05,2.71875028e-05,-6.56107118e-05
1.16017687e-09,0.00000000e+00,1.08767742e+00,1.80000000e+00,1.50571843e+00,2.05713062e-02,5.39327437e-01,1.80000000e+00,5.14498297e-01,-1.02762436e-06,1.12286224e-05,2.96806651e-05,-6.48770592e-05
1.16307305e-09,0.00000000e+00,1.07277546e+00,1.80000000e+00,1.51424589e+00,1.62719219e-02,5.83365330e-01,1.80000000e+00,5.54586865e-01,-7.64166754e-07,1.20542217e-05,3.11412836e-05,-6.39844467e-05
1.16886542e-09,0.00000000e+00,1.04897583e+00,1.80000000e+00,1.52384793e+00,1.11883431e-02,6.75735644e-01,1.80000000e+00,6.37700536e-01,4.95763689e-08,1.26012616e-05,3.26463093e-05,-6.24073983e-05
1.17465779e-09,0.00000000e+00,1.03090990e+00,1.80000000e+00,1.52950318e+00,8.97570585e-03,7.71279639e-01,1.80000000e+00,7.19076929e-01,4.15535551e-07,1.22515641e-05,3.33329132e-05,-6.08760624e-05
1.18045016e-09,0.00000000e+00,1.01656720e+00,1.80000000e+00,1.53476899e+00,8.01601602e-03,8.69484505e-01,1.80000000e+00,7.91841170e-01,6.90739951e-07,1.08744789e-05,3.44838108e-05,-5.93122215e-05
1.18624253e-09,0.00000000e+00,1.00479042e+00,1.80000000e+00,1.54091772e+00,7.76883933e-03,9.72804860e-01,1.80000000e+00,8.50034512e-01,5.54381581e-07,8.28285807e-06,3.68654842e-05,-5.71889814e-05
1.19203490e-09,0.00000000e+00,9.94868837e-01,1.80000000e+00,1.54905518e+00,8.10368103e-03,1.08051080e+00,1.80000000e+00,8.92063720e-01,7.21335263e-07,5.85620372e-06,3.75123346e-05,-5.43795123e-05
1.19782727e-09,0.00000000e+00,9.86340972e-01,1.80000000e+00,1.56037594e+00,9.02483268e-03,1.18334576e+00,1.80000000e+00,9.21098801e-01,8.55263939e-07,4.97087139e-06,3.35017668e-05,-5.03011649e-05
1.20361963e-09,0.00000000e+00,9.78889327e-01,1.80000000e+00,1.57526644e+00,1.03578757e-02,1.27356983e+00,1.80000000e+00,9.42758492e-01,1.33692750e-06,3.85509637e-06,2.88037076e-05,-4.55338288e-05
1.20941200e-09,0.00000000e+00,9.72272152e-01,1.80000000e+00,1.59315876e+00,1.11941131e-02,1.35035304e+00,1.80000000e+00,9.59931098e-01,1.43705697e-06,3.41946750e-06,2.42199993e-05,-4.12874902e-05
1.21520437e-09,0.00000000e+00,9.66319224e-01,1.80000000e+00,1.61293763e+00,1.12125666e-02,1.41590393e+00,1.80000000e+00,9.74060114e-01,1.75620972e-06,2.63163465e-06,2.10470712e-05,-3.70652481e-05
1.22099674e-09,0.00000000e+00,9.60912884e-01,1.80000000e+00,1.63332641e+00,1.06718908e-02,1.47224451e+00,1.80000000e+00,9.85982129e-01,1.65734129e-06,2.47676972e-06,1.78596878e-05,-3.31791547e-05
1.23258148e-09,0.00000000e+00,9.51378030e-01,1.80000000e+00,1.67193148e+00,8.94285344e-03,1.56282141e+00,1.80000000e+00,1.00529034e+00,1.71549491e-06,1.58681207e-06,1.34148776e-05,-2.56884212e-05
1.24416622e-09,0.00000000e+00,9.43211721e-01,1.80000000e+00,1.70483136e+00,6.98963759e-03,1.62962262e+00,1.80000000e+00,1.02017604e+00,1.25990903e-06,1.40402702e-06,9.65036921e-06,-1.95450198e-05
1.25575095e-09,0.00000000e+00,9.36082586e-01,1.80000000e+00,1.73060195e+00,5.32314282e-03,1.67839487e+00,1.80000000e+00,1.03207795e+00,1.09157852e-06,8.13184578e-07,7.18980775e-06,-1.43524955e-05
1.26733569e-09,0.00000000e+00,9.29762172e-01,1.80000000e+00,1.75000851e+00,3.99291334e-03,1.71355016e+00,1.80000000e+00,1.04185247e+00,6.52138482e-07,8.33005026e-07,4.94867709e-06,-1.06248152e-05
1.27892043e-09,0.00000000e+00,9.24089168e-01,1.80000000e+00,1.76423844e+00,2.98038232e-03,1.73865752e+00,1.80000000e+00,1.05004836e+00,5.74998553e-07,3.94105382e-07,3.72043944e-06,-7.58579709e-06
1.30208990e-09,0.00000000e+00,9.14199019e-01,1.80000000e+00,1.78218048e+00,1.65395152e-03,1.76966701e+00,1.80000000e+00,1.06321347e+00,1.16076966e-07,4.29926047e-07,1.63306682e-06,-4.01575711e-06
1.34842885e-09,0.00000000e+00,8.98404251e-01,1.80000000e+00,1.79631189e+00,5.44558408e-04,1.79361087e+00,1.80000000e+00,1.08171385e+00,2.38569043e-08,-2.22317609e-08,4.33778802e-07,-8.78032562e-07
1.44110675e-09,0.00000000e+00,8.75775449e-01,1.80000000e+00,1.80003101e+00,1.76646432e-04,1.79992492e+00,1.80000000e+00,1.10407427e+00,-1.59491687e-07,1.63808098e-07,-1.61262960e-07,-1.77494220e-07
1.52168096e-09,0.00000000e+00,8.61805741e-01,1.80000000e+00,1.79963147e+00,1.63624542e-04,1.79930069e+00,1.80000000e+00,1.11587499e+00,2.20458429e-08,-1.04678881e-07,1.30273780e-07,-8.78359446e-08
1.60000000e-09,0.00000000e+00,8.50947164e-01,1.80000000e+00,1.79977951e+00,1.26105285e-04,1.79956363e+00,1.80000000e+00,1.12441476e+00,-1.20306872e-07,1.48870713e-07,-1.16844511e-07,-1.85805988e-07
1.60125000e-09,0.00000000e+00,8.46097963e-01,1.80000000e+00,1.79703969e+00,-6.06589374e-03,1.79572612e+00,1.75500000e+00,1.10398983e+00,-7.07437387e-06,9.89178719e-05,-6.14000466e-06,-5.21129547e-05
1.60219657e-09,0.00000000e+00,8.42430012e-01,1.80000000e+00,1.79538782e+00,-9.57764457e-03,1.79322010e+00,1.72092338e+00,1.08886045e+00,-6.39098458e-06,9.93339253e-05,-5.29493645e-06,-5.16504285e-05
1.60408972e-09,0.00000000e+00,8.34896018e-01,1.80000000e+00,1.79258596e+00,-1.49677657e-02,1.78881323e+00,1.65277015e+00,1.05943192e+00,-5.52622341e-06,9.87229493e-05,-4.01628246e-06,-4.98620572e-05
1.60787601e-09,0.00000000e+00,8.18457350e-01,1.80000000e+00,1.78855475e+00,-2.03567643e-02,1.78223963e+00,1.51646368e+00,1.00355172e+00,-5.07869009e-06,9.87374374e-05,-2.92835310e-06,-4.93270027e-05
1.61544859e-09,0.00000000e+00,7.68705346e-01,1.80000000e+00,1.78012003e+00,-2.73309375e-02,1.77198217e+00,1.24385074e+00,9.00149222e-01,-6.19108318e-06,1.02514593e-04,-2.48985595e-06,-5.29245419e-05
1.62302117e-09,0.00000000e+00,6.58054277e-01,1.80000000e+00,1.76307380e+00,-4.05129518e-02,1.75959048e+00,9.71237795e-01,8.02413844e-01,-9.38294955e-06,1.26628019e-04,-4.05570209e-06,-7.48519748e-05
1.62955350e-09,0.00000000e+00,5.76292759e-01,1.80000000e+00,1.74373361e+00,-6.46659181e-02,1.74359892e+00,7.36074127e-01,7.20348028e-01,-4.47019480e-06,1.35808629e-04,-5.73656261e-06,-9.31247439e-05
1.63021019e-09,0.00000000e+00,5.77397048e-01,1.80000000e+00,1.74222937e+00,-6.78002034e-02,1.74174397e+00,7.12433222e-01,7.12185351e-01,-4.40621963e-06,1.35667763e-04,-5.64937989e-06,-9.41840040e-05
1.63086688e-09,0.00000000e+00,5.79908527e-01,1.80000000e+00,1.74074171e+00,-7.09326516e-02,1.73989890e+00,6.88792316e-01,7.04037400e-01,-3.75536804e-06,1.36201082e-04,-5.58915321e-06,-9.63677112e-05
1.63218026e-09,0.00000000e+00,5.94370952e-01,1.80000000e+00,1.73805948e+00,-7.73514912e-02,1.73624060e+00,6.41510505e-01,6.87786054e-01,-2.02240822e-06,1.36579710e-04,-5.55244578e-06,-9.95763105e-05
1.63349365e-09,0.00000000e+00,6.21858593e-01,1.80000000e+00,1.73577881e+00,-8.38856175e-02,1.73267387e+00,5.94228694e-01,6.71592549e-01,5.68730123e-08,1.37147748e-04,-5.31027467e-06,-1.03546174e-04
1.63480703e-09,0.00000000e+00,6.62046378e-01,1.80000000e+00,1.73387352e+00,-9.05211206e-02,1.72923207e+00,5.46946882e-01,6.55456878e-01,2.97499494e-06,1.37300385e-04,-5.17196513e-06,-1.06984360e-04
1.63612041e-09,0.00000000e+00,7.13220941e-01,1.80000000e+00,1.73227682e+00,-9.74154689e-02,1.72589954e+00,4.99665071e-01,6.39378199e-01,6.89431988e-06,1.37531993e-04,-4.97750072e-06,-1.11596846e-04
1.63743380e-09,0.00000000e+00,7.72426610e-01,1.80000000e+00,1.73089269e+00,-1.04878104e-01,1.72261703e+00,4.52383260e-01,6.23356992e-01,1.23307401e-05,1.37242115e-04,-5.01958814e-06,-1.16099649e-04
1.64006057e-09,0.00000000e+00,9.02962305e-01,1.80000000e+00,1.72842633e+00,-1.22685041e-01,1.71597628e+00,3.57819638e-01,5.91486501e-01,2.55386488e-05,1.36854419e-04,-5.09284607e-06,-1.27605652e-04
1.64268733e-09,0.00000000e+00,1.03877764e+00,1.80000000e+00,1.72650850e+00,-1.43169467e-01,1.70960778e+00,2.63256015e-01,5.59848703e-01,3.73929829e-05,1.37143882e-04,-4.60500293e-06,-1.39017154e-04
1.64355676e-09,0.00000000e+00,1.08449803e+00,1.80000000e+00,1.72627488e+00,-1.49245303e-01,1.70795458e+00,2.31956674e-01,5.49429042e-01,3.83148163e-05,1.37885513e-04,-3.80296752e-06,-1.42414032e-04
1.64529561e-09,0.00000000e+00,1.17035156e+00,1.80000000e+00,1.72646006e+00,-1.58611683e-01,1.70555962e+00,1.69357993e-01,5.28668073e-01,3.91075469e-05,1.39903378e-04,-1.70632356e-06,-1.49542675e-04
1.64703446e-09,0.00000000e+00,1.24581347e+00,1.80000000e+00,1.72809931e+00,-1.61142487e-01,1.70526241e+00,1.06759311e-01,5.08014441e-01,3.43399337e-05,1.43121322e-04,1.02262380e-06,-1.54743060e-04
1.64877332e-09,0.00000000e+00,1.30567710e+00,1.80000000e+00,1.73119046e+00,-1.55398677e-01,1.70730862e+00,4.41606294e-02,4.87469043e-01,2.78316081e-05,1.47643077e-04,3.68442263e-06,-1.59107009e-04
1.65000000e-09,0.00000000e+00,1.33814968e+00,1.80000000e+00,1.73406595e+00,-1.46533251e-01,1.71004128e+00,-4.88498131e-15,4.73042391e-01,2.29558553e-05,1.50243207e-04,5.22629868e-06,-1.60751679e-04
1.65017389e-09,0.00000000e+00,1.34453286e+00,1.80000000e+00,1.73608496e+00,-1.44471502e-01,1.71094438e+00,0.00000000e+00,4.73078188e-01,4.42178817e-05,2.01900232e-05,1.03872624e-05,-8.44194630e-05
1.65034777e-09,0.00000000e+00,1.35057813e+00,1.80000000e+00,1.73799918e+00,-1.42331340e-01,1.71187651e+00,0.00000000e+00,4.73079594e-01,4.18125257e-05,1.87085734e-05,1.07211713e-05,-8.21151112e-05
1.65069554e-09,0.00000000e+00,1.36207902e+00,1.80000000e+00,1.74171399e+00,-1.37850440e-01,1.71381624e+00,0.00000000e+00,4.73079724e-01,3.86057707e-05,1.84392062e-05,1.15892802e-05,-8.04864441e-05
1.65139108e-09,0.00000000e+00,1.38223200e+00,1.80000000e+00,1.74855138e+00,-1.27814072e-01,1.71809110e+00,0.00000000e+00,4.73079655e-01,3.40166890e-05,1.75008335e-05,1.29951224e-05,-7.78228788e-05
1.65278216e-09,0.00000000e+00,1.41359178e+00,1.80000000e+00,1.76032992e+00,-1.04165682e-01,1.72779824e+00,0.00000000e+00,4.73079811e-01,2.62700794e-05,1.58939339e-05,1.49173676e-05,-7.26033010e-05
1.65417325e-09,0.00000000e+00,1.43609925e+00,1.80000000e+00,1.77016041e+00,-7.66872799e-02,1.73851094e+00,0.00000000e+00,4.73079753e-01,2.16855850e-05,1.40286412e-05,1.58865842e-05,-6.81536195e-05
1.65556433e-09,0.00000000e+00,1.45251754e+00,1.80000000e+00,1.77860737e+00,-4.63378909e-02,1.74969986e+00,0.00000000e+00,4.73079881e-01,1.77268444e-05,1.29007755e-05,1.62866868e-05,-6.40092838e-05
1.65834649e-09,0.00000000e+00,1.47413519e+00,1.80000000e+00,1.79265841e+00,1.98510085e-02,1.77208331e+00,0.00000000e+00,4.73079828e-01,1.36132970e-05,1.05805684e-05,1.58946780e-05,-5.72391717e-05
1.66391082e-09,0.00000000e+00,1.49520550e+00,1.80000000e+00,1.81688911e+00,1.63686434e-01,1.81415676e+00,0.00000000e+00,4.73079987e-01,9.59292618e-06,8.81761158e-06,1.43504499e-05,-4.89587521e-05
1.66947515e-09,0.00000000e+00,1.50437952e+00,1.80000000e+00,1.83277045e+00,3.11739642e-01,1.85251440e+00,0.00000000e+00,4.73079960e-01,7.96263865e-06,6.84430532e-06,1.32235155e-05,-4.20075191e-05
1.67503947e-09,0.00000000e+00,1.51101595e+00,1.80000000e+00,1.84098186e+00,4.56195479e-01,1.88395025e+00,0.00000000e+00,4.73080056e-01,6.83298117e-06,6.17089448e-06,9.37461274e-06,-3.59853890e-05
1.68060380e-09,0.00000000e+00,1.51721204e+00,1.80000000e+00,1.84449661e+00,5.94662228e-01,1.91003466e+00,0.00000000e+00,4.73080021e-01,6.37560023e-06,5.11670502e-06,9.37656046e-06,-3.42231788e-05
1.68616813e-09,0.00000000e+00,1.52348002e+00,1.80000000e+00,1.84380579e+00,7.25192129e-01,1.92853510e+00,0.00000000e+00,4.73080059e-01,5.37239379e-06,4.37031472e-06,3.92275287e-06,-3.30370135e-05
1.69173245e-09,0.00000000e+00,1.52996273e+00,1.80000000e+00,1.83857765e+00,8.44796566e-01,1.92587092e+00,0.00000000e+00,4.73079788e-01,4.72698623e-06,2.33156206e-06,-5.83793894e-06,-3.72168097e-05
1.69729678e-09,0.00000000e+00,1.53677308e+00,1.80000000e+00,1.82967255e+00,9.51089657e-01,1.88438433e+00,0.00000000e+00,4.73079449e-01,3.85633167e-06,6.39998697e-07,-2.39853114e-05,-4.19427652e-05
1.70286111e-09,0.00000000e+00,1.54445242e+00,1.80000000e+00,1.82060559e+00,1.04890191e+00,1.79129763e+00,0.00000000e+00,4.73078757e-01,4.80637452e-06,-9.63012956e-07,-4.29314580e-05,-4.87006807e-05
1.70842544e-09,0.00000000e+00,1.55460173e+00,1.80000000e+00,1.81303190e+00,1.15044518e+00,1.62779294e+00,0.00000000e+00,4.73077791e-01,6.73982189e-06,-2.39203553e-06,-7.46063398e-05,-4.72527030e-05
1.71343333e-09,0.00000000e+00,1.56658161e+00,1.80000000e+00,1.80735184e+00,1.23191830e+00,1.42246362e+00,0.00000000e+00,4.73076748e-01,7.79423847e-06,-4.39880549e-06,-8.93981691e-05,-4.81567553e-05
1.71844123e-09,0.00000000e+00,1.58090984e+00,1.80000000e+00,1.80453196e+00,1.29949390e+00,1.17776581e+00,0.00000000e+00,4.73075684e-01,8.87489758e-06,-4.56149856e-06,-1.06051485e-04,-4.75939154e-05
1.72344912e-09,0.00000000e+00,1.59655310e+00,1.80000000e+00,1.80306119e+00,1.35573640e+00,9.06253963e-01,0.00000000e+00,4.73074411e-01,8.16193907e-06,-6.14188328e-06,-1.10815576e-04,-4.57092450e-05
1.72845701e-09,0.00000000e+00,1.61243275e+00,1.80000000e+00,1.80222055e+00,1.40337737e+00,6.20630764e-01,0.00000000e+00,4.73073018e-01,8.16287993e-06,-5.72961622e-06,-1.17322775e-04,-4.33598895e-05
1.73263948e-09,0.00000000e+00,1.62495619e+00,1.80000000e+00,1.80186898e+00,1.43608265e+00,3.90441709e-01,0.00000000e+00,4.73074949e-01,7.28116629e-06,-5.89982393e-06,-1.10073377e-04,-4.10642924e-05
1.73447390e-09,0.00000000e+00,1.63025658e+00,1.80000000e+00,1.80166445e+00,1.44840950e+00,3.00734554e-01,0.00000000e+00,4.73083969e-01,6.55899350e-06,-5.15822740e-06,-9.78043898e-05,-3.98430214e-05
1.73630832e-09,0.00000000e+00,1.63544762e+00,1.80000000e+00,1.80143067e+00,1.45940331e+00,2.21280499e-01,0.00000000e+00,4.73104456e-01,5.54333927e-06,-3.67263805e-06,-7.54472396e-05,-3.84233255e-05
1.73814274e-09,0.00000000e+00,1.64019191e+00,1.80000000e+00,1.80134453e+00,1.47083107e+00,1.58301359e-01,0.00000000e+00,4.73139472e-01,6.73119750e-06,-2.38043703e-06,-6.18804112e-05,-3.46052598e-05
1.73997716e-09,0.00000000e+00,1.64468896e+00,1.80000000e+00,1.80136885e+00,1.48340784e+00,1.11037586e-01,0.00000000e+00,4.73183990e-01,6.39685675e-06,-8.02112518e-07,-4.11794729e-05,-3.22878841e-05
1.74181158e-09,0.00000000e+00,1.64921892e+00,1.80000000e+00,1.80144065e+00,1.49709115e+00,7.69850964e-02,0.00000000e+00,4.73232551e-01,7.76953063e-06,1.91766835e-07,-3.30728640e-05,-2.87663676e-05
1.74364600e-09,0.00000000e+00,1.65397687e+00,1.80000000e+00,1.80150381e+00,1.51146119e+00,5.31759818e-02,0.00000000e+00,4.73276670e-01,7.21979834e-06,1.27162676e-06,-1.88435284e-05,-2.71738275e-05
1.74731484e-09,0.00000000e+00,1.66437801e+00,1.80000000e+00,1.80153709e+00,1.54060600e+00,2.53360237e-02,0.00000000e+00,4.73343963e-01,8.41100026e-06,2.25617808e-06,-1.15093472e-05,-2.27893053e-05
1.75465252e-09,0.00000000e+00,1.68705770e+00,1.80000000e+00,1.80131328e+00,1.59444754e+00,6.61383835e-03,0.00000000e+00,4.73399878e-01,6.85711091e-06,3.04185249e-06,1.30329445e-06,-1.86579319e-05
1.76199020e-09,0.00000000e+00,1.70913366e+00,1.80000000e+00,1.80099601e+00,1.63897578e+00,4.19351299e-03,0.00000000e+00,4.73408242e-01,6.52141946e-06,2.54635351e-06,-2.62269002e-06,-1.44664846e-05
1.76932788e-09,0.00000000e+00,1.72800425e+00,1.80000000e+00,1.80075156e+00,1.67426024e+00,3.14223774e-03,0.00000000e+00,4.73411367e-01,4.40977854e-06,2.22664875e-06,2.04960677e-06,-1.22303873e-05
1.77666556e-09,0.00000000e+00,1.74334844e+00,1.80000000e+00,1.80057669e+00,1.70210277e+00,2.40478362e-03,0.00000000e+00,4.73414211e-01,4.34718192e-06,1.67079716e-06,-2.45161624e-06,-9.05579757e-06
1.79134091e-09,0.00000000e+00,1.76561929e+00,1.80000000e+00,1.80033561e+00,1.74142145e+00,1.39570698e-03,0.00000000e+00,4.73417243e-01,1.91897329e-06,1.16926509e-06,2.17657651e-06,-6.13700369e-06
1.82069163e-09,0.00000000e+00,1.78863146e+00,1.80000000e+00,1.80010872e+00,1.78088042e+00,4.48994297e-04,0.00000000e+00,4.73420810e-01,1.27100557e-06,3.06862566e-07,-2.30559723e-06,-1.57353482e-06
1.85004235e-09,0.00000000e+00,1.79635151e+00,1.80000000e+00,1.80003516e+00,1.79386226e+00,1.41593981e-04,0.00000000e+00,4.73421443e-01,-2.12183667e-07,1.89946788e-07,2.26370384e-06,-9.83899864e-07
1.87939306e-09,0.00000000e+00,1.79882979e+00,1.80000000e+00,1.80001124e+00,1.79805057e+00,4.78643039e-05,0.00000000e+00,4.73422077e-01,5.53908779e-07,-2.97012174e-08,-2.27647758e-06,1.60254968e-07
1.90874378e-09,0.00000000e+00,1.79963180e+00,1.80000000e+00,1.80000333e+00,1.79937380e+00,1.18058956e-05,0.00000000e+00,4.73421773e-01,-4.45430759e-07,8.11292759e-08,2.27156344e-06,-4.23320720e-07
1.96744521e-09,0.00000000e+00,1.80000494e+00,1.80000000e+00,1.80000022e+00,1.80001624e+00,2.56557824e-06,0.00000000e+00,4.73422053e-01,4.71569142e-07,-6.89506058e-08,-2.27219309e-06,3.60842379e-07
2.02614665e-09,0.00000000e+00,1.80000082e+00,1.80000000e+00,1.79999968e+00,1.79999445e+00,-2.94615570e-06,0.00000000e+00,4.73421582e-01,-4.72360723e-07,6.86856297e-08,2.27181751e-06,-3.59565111e-07
2.05000000e-09,0.00000000e+00,1.79999898e+00,1.80000000e+00,1.80000038e+00,1.80000392e+00,3.13902387e-06,0.00000000e+00,4.73421880e-01,4.73193599e-07,-6.84890638e-08,-2.27079708e-06,3.59130794e-07
2.05031250e-09,1.12500000e-02,1.81015560e+00,1.80000000e+00,1.80976232e+00,1.80455830e+00,1.22675949e-03,1.12500000e-02,4.80883655e-01,-9.32762868e-05,-1.02795928e-04,7.83117099e-06,1.21596952e-04
2.05093750e-09,3.37500000e-02,1.82695036e+00,1.80000000e+00,1.82555101e+00,1.81376414e+00,3.28716777e-03,3.37500000e-02,4.95743539e-01,-1.00150991e-04,-1.09600730e-04,6.59330649e-06,1.34097611e-04
2.05156250e-09,5.62500000e-02,1.84220124e+00,1.80000000e+00,1.83966170e+00,1.82303693e+00,5.18548927e-03,5.62500000e-02,5.10682338e-01,-1.05257936e-04,-1.14585261e-04,5.55595109e-06,1.44192697e-04
2.05281250e-09,1.01250000e-01,1.86623152e+00,1.80000000e+00,1.86056540e+00,1.84177977e+00,8.12079708e-03,1.01250000e-01,5.40822520e-01,-1.12224734e-04,-1.21750037e-04,3.83703391e-06,1.57762406e-04
2.05406250e-09,1.46250000e-01,1.88478468e+00,1.80000000e+00,1.87485291e+00,1.86037815e+00,1.01079005e-02,1.46250000e-01,5.71348723e-01,-1.16275167e-04,-1.25333834e-04,2.52169689e-06,1.66087088e-04
2.05656250e-09,2.36250000e-01,1.91464976e+00,1.80000000e+00,1.89384679e+00,1.89617228e+00,1.22558686e-02,2.36250000e-01,6.33861933e-01,-1.20391264e-04,-1.28903730e-04,9.15052073e-07,1.74552529e-04
2.05906250e-09,3.26250000e-01,1.94008518e+00,1.80000000e+00,1.90690106e+00,1.93003637e+00,1.30022886e-02,3.26250000e-01,6.99202252e-01,-1.21903361e-04,-1.29333593e-04,2.79220005e-07,1.77618511e-04
2.06406250e-09,5.06250000e-01,1.98957695e+00,1.80000000e+00,1.93159970e+00,1.99510974e+00,1.37799247e-02,5.06250000e-01,8.46538047e-01,-1.23296809e-04,-1.28919483e-04,3.42888904e-07,1.76218752e-04
2.06906250e-09,6.86250000e-01,2.04072418e+00,1.80000000e+00,1.96138019e+00,2.05607309e+00,1.58071029e-02,6.86250000e-01,1.01722406e+00,-1.29447732e-04,-1.30727215e-04,1.27885362e-06,1.66987738e-04
2.06965131e-09,7.07447000e-01,2.04683905e+00,1.80000000e+00,1.96543886e+00,2.06219189e+00,1.61152055e-02,7.07447000e-01,1.03637522e+00,-1.30328156e-04,-1.30821969e-04,1.04653441e-06,1.64882670e-04
2.07082892e-09,7.49841001e-01,2.05897083e+00,1.80000000e+00,1.97362587e+00,2.07301011e+00,1.68680589e-02,7.49841001e-01,1.07008057e+00,-1.34839534e-04,-1.32504526e-04,1.51068775e-06,1.58931287e-04
2.07318414e-09,8.34629003e-01,2.08294744e+00,1.80000000e+00,1.99126461e+00,2.08156582e+00,1.90653192e-02,8.34629003e-01,1.08231204e+00,-1.47178557e-04,-1.38225409e-04,2.22103707e-06,1.42834099e-04
2.07520739e-09,9.07466074e-01,2.10756044e+00,1.80000000e+00,2.00792897e+00,2.07298536e+00,2.23900244e-02,9.07466074e-01,1.00286128e+00,-1.58672582e-04,-1.40960783e-04,4.35195579e-06,1.10920774e-04
2.07692639e-09,9.69349867e-01,2.12849405e+00,1.80000000e+00,2.02337069e+00,2.04853829e+00,2.58891699e-02,9.69349867e-01,8.52827820e-01,-1.72827782e-04,-1.52574224e-04,3.79035301e-06,1.00834653e-04
2.07847348e-09,1.02504528e+00,2.14586331e+00,1.80000000e+00,2.03836209e+00,2.00893612e+00,2.89621146e-02,1.02504528e+00,6.55851064e-01,-1.78520575e-04,-1.56395973e-04,4.15471828e-06,7.53810426e-05
2.08002057e-09,1.08074069e+00,2.15980893e+00,1.80000000e+00,2.05394958e+00,1.94540863e+00,3.08242568e-02,1.08074069e+00,4.17832432e-01,-1.81003861e-04,-1.69900420e-04,6.59834111e-07,7.32949869e-05
2.08156767e-09,1.13643611e+00,2.17050405e+00,1.80000000e+00,2.06904859e+00,1.85107760e+00,3.03631833e-02,1.13643611e+00,2.15040885e-01,-1.73287809e-04,-1.71001011e-04,-1.85193565e-06,5.61968373e-05
2.08294431e-09,1.18599525e+00,2.18091576e+00,1.80000000e+00,2.08071640e+00,1.74686158e+00,2.72197025e-02,1.18599525e+00,1.28741919e-01,-1.73708666e-04,-1.71593349e-04,-7.28182206e-06,5.02447658e-05
2.08407154e-09,1.22657527e+00,2.19089479e+00,1.80000000e+00,2.08737416e+00,1.65054635e+00,2.05311148e-02,1.22657527e+00,8.90025557e-02,-1.67093522e-04,-1.65948894e-04,-1.64529283e-05,3.75544948e-05
2.08519876e-09,1.26715529e+00,2.20213975e+00,1.80000000e+00,2.08962993e+00,1.54520371e+00,1.10543611e-02,1.26715529e+00,6.36714834e-02,-1.71287283e-04,-1.69675828e-04,-1.71757533e-05,4.20658470e-05
2.08745320e-09,1.34831533e+00,2.22743011e+00,1.80000000e+00,2.07604329e+00,1.31207909e+00,-1.08644109e-02,1.34831533e+00,3.36155784e-02,-1.69699432e-04,-1.67802348e-04,-2.17141147e-05,2.78714995e-05
2.08970765e-09,1.42947537e+00,2.25549074e+00,1.80000000e+00,2.02778704e+00,1.04454235e+00,-2.98582034e-02,1.42947537e+00,1.65110695e-02,-1.76011805e-04,-1.71620213e-04,-1.19860435e-05,1.40290586e-05
2.09196209e-09,1.51063541e+00,2.28492426e+00,1.80000000e+00,1.91313555e+00,7.28136589e-01,-3.96362824e-02,1.51063541e+00,5.99955204e-03,-1.68542557e-04,-1.60798546e-04,-5.36293017e-06,-3.12132772e-05
2.09399110e-09,1.58367944e+00,2.31192875e+00,1.80000000e+00,1.74213995e+00,4.02176746e-01,-2.95235340e-02,1.58367944e+00,4.88863906e-03,-1.72668516e-04,-1.58219358e-04,2.52993395e-05,-5.39875121e-05
2.09429024e-09,1.59444879e+00,2.31600191e+00,1.80000000e+00,1.71751676e+00,3.58640474e-01,-2.53451876e-02,1.59444879e+00,5.85771985e-03,-1.75585367e-04,-1.61482444e-04,2.79349310e-05,-4.24757297e-05
2.09488854e-09,1.61598748e+00,2.32423468e+00,1.80000000e+00,1.67023572e+00,2.80350296e-01,-1.53026914e-02,1.61598748e+00,8.54435854e-03,-1.79230019e-04,-1.64454480e-04,3.92056119e-05,-1.96803320e-05
2.09548684e-09,1.63752617e+00,2.33259635e+00,1.80000000e+00,1.62624926e+00,2.15382263e-01,-3.52562747e-03,1.63752617e+00,1.25542662e-02,-1.68860692e-04,-1.54720011e-04,3.95316307e-05,-8.64328629e-06
2.09608514e-09,1.65906486e+00,2.34107872e+00,1.80000000e+00,1.58623294e+00,1.63312898e-01,9.05593181e-03,1.65906486e+00,1.75632691e-02,-1.64809597e-04,-1.51211400e-04,4.45841806e-05,1.27137696e-05
2.09668343e-09,1.68060355e+00,2.34964166e+00,1.80000000e+00,1.55018185e+00,1.22618501e-01,2.19951909e-02,1.68060355e+00,2.32280624e-02,-1.52359352e-04,-1.39709364e-04,4.19230836e-05,2.15399876e-05
2.09788003e-09,1.72368094e+00,2.36687624e+00,1.80000000e+00,1.48919150e+00,6.78080999e-02,4.60666899e-02,1.72368094e+00,3.37233958e-02,-1.44394763e-04,-1.32457538e-04,3.85436387e-05,4.88241423e-05
2.09907662e-09,1.76675832e+00,2.38400954e+00,1.80000000e+00,1.44076331e+00,3.84403102e-02,6.74725508e-02,1.76675832e+00,4.48809279e-02,-1.29809506e-04,-1.21495661e-04,3.30123312e-05,5.93552675e-05
2.10000000e-09,1.80000000e+00,2.39697175e+00,1.80000000e+00,1.41013373e+00,2.64684526e-02,8.15640227e-02,1.80000000e+00,5.27223010e-02,-1.33000400e-04,-1.24549224e-04,2.80306751e-05,7.22719020e-05
2.10011966e-09,1.80000000e+00,2.39645779e+00,1.80000000e+00,1.40529373e+00,2.37410975e-02,8.22732729e-02,1.80000000e+00,5.07142520e-02,-3.02869458e-05,-2.46188906e-05,1.18544831e-05,-2.83979932e-05
2.10023932e-09,1.80000000e+00,2.39614507e+00,1.80000000e+00,1.40069421e+00,2.12744356e-02,8.29267719e-02,1.80000000e+00,4.91153450e-02,-2.28735983e-05,-1.80199912e-05,1.09226527e-05,-3.63724453e-05
2.10047864e-09,1.80000000e+00,2.39556905e+00,1.80000000e+00,1.39172086e+00,1.66996351e-02,8.41153962e-02,1.80000000e+00,4.65090099e-02,-1.77858727e-05,-1.39615996e-05,8.94414095e-06,-3.59821270e-05
2.10095728e-09,1.80000000e+00,2.39446662e+00,1.80000000e+00,1.37494030e+00,9.38242921e-03,8.59257336e-02,1.80000000e+00,4.37842443e-02,-1.31852417e-05,-1.06194619e-05,6.18494578e-06,-3.01005185e-05
2.10191455e-09,1.80000000e+00,2.39236039e+00,1.80000000e+00,1.34526384e+00,6.80135515e-05,8.81168772e-02,1.80000000e+00,4.26419960e-02,-6.79181500e-06,-5.63377859e-06,2.97080619e-06,-2.52244175e-05
2.10382910e-09,1.80000000e+00,2.38849013e+00,1.80000000e+00,1.29677848e+00,-8.07233789e-03,8.88400680e-02,1.80000000e+00,4.34332810e-02,-3.77193300e-06,-3.86813528e-06,-1.45987011e-06,-1.70880486e-05
2.10574365e-09,1.80000000e+00,2.38497116e+00,1.80000000e+00,1.25957702e+00,-7.91807825e-03,8.62996683e-02,1.80000000e+00,4.30274741e-02,-2.25021999e-06,-3.13375548e-06,-3.84769400e-06,-1.28561703e-05
2.10765820e-09,1.80000000e+00,2.38171281e+00,1.80000000e+00,1.22916763e+00,-6.70477266e-03,8.13344041e-02,1.80000000e+00,4.11651034e-02,-3.17136039e-06,-4.44593479e-06,-6.52605069e-06,-1.12576457e-05
2.11148730e-09,1.80000000e+00,2.37578708e+00,1.80000000e+00,1.18154465e+00,-4.66687280e-03,6.85119499e-02,1.80000000e+00,3.53552855e-02,-2.09677599e-06,-3.63420568e-06,-6.86869129e-06,-7.64307900e-06
2.11914550e-09,1.80000000e+00,2.36574778e+00,1.80000000e+00,1.11806938e+00,-2.34013613e-03,4.38552736e-02,1.80000000e+00,2.30224083e-02,-2.41618485e-06,-3.55806408e-06,-6.00988140e-06,-4.96770261e-06
2.12680371e-09,1.80000000e+00,2.35750057e+00,1.80000000e+00,1.07917151e+00,-1.30905238e-03,2.67996925e-02,1.80000000e+00,1.40860463e-02,-9.52995953e-07,-1.61471136e-06,-2.89851881e-06,-2.72622019e-06
2.13446191e-09,1.80000000e+00,2.35050636e+00,1.80000000e+00,1.05250707e+00,-7.43923037e-04,1.69475965e-02,1.80000000e+00,8.87161133e-03,-1.47779751e-06,-1.80290123e-06,-2.24738707e-06,-2.45536541e-06
2.14977831e-09,1.80000000e+00,2.33895389e+00,1.80000000e+00,1.01661239e+00,-2.70799426e-04,7.79107108e-03,1.80000000e+00,4.01281080e-03,-2.12104662e-07,-2.83996997e-07,-1.43912074e-07,-9.67083119e-07
2.16509471e-09,1.80000000e+00,2.32973512e+00,1.80000000e+00,9.93725330e-01,-9.82421746e-05,4.78284257e-03,1.80000000e+00,2.44334811e-03,-9.10656195e-07,-9.02735694e-07,-6.41710633e-07,-1.18834067e-06
2.19572752e-09,1.80000000e+00,2.31526682e+00,1.80000000e+00,9.63606349e-01,4.49262647e-06,2.46033971e-03,1.80000000e+00,1.24331323e-03,1.17695225e-07,1.32035470e-07,3.38440622e-07,-2.40617339e-07
2.22636033e-09,1.80000000e+00,2.30428972e+00,1.80000000e+00,9.44361697e-01,3.47231510e-05,1.68088978e-03,1.80000000e+00,8.48843499e-04,-6.61880564e-07,-6.28934395e-07,-4.40220384e-07,-6.91650277e-07
2.28762594e-09,1.80000000e+00,2.28766049e+00,1.80000000e+00,9.18414351e-01,3.84612847e-05,9.46324616e-04,1.80000000e+00,4.75001897e-04,2.77242301e-07,2.87483063e-07,3.92261006e-07,4.73678376e-08
2.34889155e-09,1.80000000e+00,2.27545172e+00,1.80000000e+00,9.01231636e-01,3.95021056e-05,6.80877801e-04,1.80000000e+00,3.42246882e-04,-5.37765675e-07,-5.12015302e-07,-4.09591890e-07,-4.86546330e-07
2.44889155e-09,1.80000000e+00,2.26031120e+00,1.80000000e+00,8.81203177e-01,2.77923689e-05,4.35551352e-04,1.80000000e+00,2.18063489e-04,3.51112772e-07,3.53285362e-07,3.99778832e-07,1.65819353e-07
2.54889155e-09,1.80000000e+00,2.24884623e+00,1.80000000e+00,8.66721343e-01,2.75917208e-05,3.34919457e-04,1.80000000e+00,1.68016799e-04,-4.83043753e-07,-4.63603936e-07,-4.03804108e-07,-4.02099361e-07
2.60000000e-09,1.80000000e+00,2.24391656e+00,1.80000000e+00,8.60634985e-01,1.99708772e-05,2.88188960e-04,1.80000000e+00,1.44323840e-04,3.74864553e-07,3.73260788e-07,4.00146748e-07,2.05476725e-07
2.60138280e-09,1.80000000e+00,2.23347788e+00,1.80000000e+00,8.54904279e-01,-5.07076651e-03,-8.07450637e-03,1.75021911e+00,-9.16929065e-03,-8.10039784e-06,1.17669355e-04,-1.20952847e-05,-5.46395517e-05
2.60247732e-09,1.80000000e+00,2.22466123e+00,1.80000000e+00,8.51002285e-01,-7.22350241e-03,-1.39744687e-02,1.71081644e+00,-1.35435612e-02,-6.20074597e-06,1.20029371e-04,-1.07809283e-05,-5.37329701e-05
2.60357184e-09,1.80000000e+00,2.21526348e+00,1.80000000e+00,8.47252819e-01,-8.74975485e-03,-1.96125265e-02,1.67141378e+00,-1.72745019e-02,-5.29922146e-06,1.21188827e-04,-9.82377806e-06,-5.26428486e-05
2.60576088e-09,1.80000000e+00,2.19466785e+00,1.80000000e+00,8.40188486e-01,-9.80116280e-03,-2.88322147e-02,1.59260845e+00,-2.20594050e-02,-4.41789935e-06,1.22341179e-04,-7.02324430e-06,-5.18908304e-05
2.61013895e-09,1.80000000e+00,2.14590608e+00,1.80000000e+00,8.24696358e-01,-1.05047790e-02,-4.13374536e-02,1.43499780e+00,-2.76502690e-02,-4.16905302e-06,1.22939765e-04,-4.40208992e-06,-5.13131476e-05
2.61451702e-09,1.80000000e+00,2.08639930e+00,1.80000000e+00,8.03290554e-01,-1.17172945e-02,-4.93434123e-02,1.27738714e+00,-2.99530108e-02,-3.44541473e-06,1.24470458e-04,-2.91250473e-06,-5.22302777e-05
2.61889510e-09,1.80000000e+00,2.01490238e+00,1.80000000e+00,7.69322485e-01,-1.36596611e-02,-5.57062690e-02,1.11977649e+00,-3.02027041e-02,-3.49488243e-06,1.27660331e-04,-2.90087992e-06,-5.50131947e-05
2.62327317e-09,1.80000000e+00,1.92916555e+00,1.80000000e+00,7.19522078e-01,-1.58315150e-02,-6.26743965e-02,9.62165836e-01,-2.86652715e-02,-3.04626863e-06,1.32803273e-04,-3.46550670e-06,-6.08110040e-05
2.62765124e-09,1.80000000e+00,1.82163113e+00,1.80000000e+00,6.72502601e-01,-1.67806165e-02,-7.29221445e-02,8.04555181e-01,-2.46017394e-02,-2.64934599e-06,1.40675900e-04,-5.89728494e-06,-7.28777076e-05
2.63202932e-09,1.80000000e+00,1.74337766e+00,1.80000000e+00,6.72965095e-01,-1.44698849e-02,-8.78180996e-02,6.46944527e-01,-1.68799166e-02,1.57926686e-06,1.44855407e-04,-7.71231235e-06,-8.94465216e-05
2.63566100e-09,1.80000000e+00,1.69805078e+00,1.80000000e+00,7.37317199e-01,-8.25192070e-03,-1.02244382e-01,5.16203870e-01,-1.02843343e-02,2.11021428e-06,1.38006766e-04,-8.17704194e-06,-9.48210283e-05
2.63892952e-09,1.80000000e+00,1.67351004e+00,1.80000000e+00,8.45598881e-01,1.18110079e-03,-1.16976012e-01,3.98537279e-01,-8.33737583e-03,4.88055259e-06,1.41173045e-04,-9.85148062e-06,-1.09692543e-04
2.64219804e-09,1.80000000e+00,1.66454156e+00,1.80000000e+00,9.85269998e-01,1.30482551e-02,-1.35125193e-01,2.80870688e-01,-7.12379558e-03,5.39384736e-06,1.38813862e-04,-1.23594290e-05,-1.17936050e-04
2.64546655e-09,1.80000000e+00,1.66686981e+00,1.80000000e+00,1.13627534e+00,2.46949156e-02,-1.52763649e-01,1.63204097e-01,-6.57312204e-03,5.70225574e-06,1.44112312e-04,-9.22645797e-06,-1.35779634e-04
2.64873507e-09,1.80000000e+00,1.67586288e+00,1.80000000e+00,1.26860070e+00,2.85894730e-02,-1.58732277e-01,4.55375054e-02,-6.27695657e-03,2.17212764e-06,1.45708349e-04,1.92207037e-06,-1.48457654e-04
2.65000000e-09,1.80000000e+00,1.68016318e+00,1.80000000e+00,1.30787417e+00,2.70177164e-02,-1.55689784e-01,2.44249065e-15,-6.19745327e-03,1.67639174e-06,1.52280423e-04,7.69898808e-06,-1.57854515e-04
2.65032685e-09,1.80000000e+00,1.68723048e+00,1.80000000e+00,1.32079521e+00,2.81550443e-02,-1.53761475e-01,0.00000000e+00,-4.36699036e-03,9.03811461e-06,2.46293032e-05,1.17992940e-05,-7.39651761e-05
2.65061313e-09,1.80000000e+00,1.69298998e+00,1.80000000e+00,1.33128116e+00,2.88413657e-02,-1.51880522e-01,0.00000000e+00,-3.20957835e-03,7.30028628e-06,2.26729101e-05,1.31409343e-05,-7.31284158e-05
2.65118567e-09,1.80000000e+00,1.70388382e+00,1.80000000e+00,1.35073268e+00,2.97307207e-02,-1.47706073e-01,0.00000000e+00,-1.51580697e-03,4.91792993e-06,2.12830610e-05,1.60231031e-05,-7.35409338e-05
2.65233077e-09,1.80000000e+00,1.72248268e+00,1.80000000e+00,1.38266606e+00,2.95226745e-02,-1.37074001e-01,0.00000000e+00,-2.85620642e-04,2.53851596e-06,1.80631686e-05,2.11164198e-05,-7.32923374e-05
2.65347586e-09,1.80000000e+00,1.73747745e+00,1.80000000e+00,1.40728326e+00,2.77044870e-02,-1.23659275e-01,0.00000000e+00,-1.04079998e-04,1.18342691e-06,1.58433499e-05,2.57433570e-05,-7.27627691e-05
2.65462096e-09,1.80000000e+00,1.74957030e+00,1.80000000e+00,1.42645909e+00,2.51901952e-02,-1.07802922e-01,0.00000000e+00,-7.72999412e-05,6.46746865e-07,1.34601419e-05,2.96454139e-05,-7.17806418e-05
2.65691115e-09,1.80000000e+00,1.76734636e+00,1.80000000e+00,1.45370903e+00,1.99450934e-02,-7.01786553e-02,0.00000000e+00,-6.18192976e-05,-1.12615872e-07,1.05162176e-05,3.60683684e-05,-7.00794803e-05
2.66149153e-09,1.80000000e+00,1.78689970e+00,1.80000000e+00,1.48303086e+00,1.21201394e-02,2.13768389e-02,0.00000000e+00,-4.71900919e-07,-9.96142558e-08,6.49607441e-06,4.38861180e-05,-6.68504828e-05
2.66607191e-09,1.80000000e+00,1.79475614e+00,1.80000000e+00,1.49584930e+00,8.31105048e-03,1.25354279e-01,0.00000000e+00,-3.76545819e-06,-1.16613096e-07,5.31486784e-06,4.69163282e-05,-6.49947062e-05
2.67065229e-09,1.80000000e+00,1.79790262e+00,1.80000000e+00,1.50306754e+00,6.88846602e-03,2.34640363e-01,0.00000000e+00,2.33907642e-06,1.26161849e-07,4.58583992e-06,4.85221023e-05,-6.34726883e-05
2.67981305e-09,1.80000000e+00,1.79983898e+00,1.80000000e+00,1.51339960e+00,6.12525869e-03,4.55858682e-01,0.00000000e+00,-1.32831063e-07,-1.25719991e-08,4.44838794e-06,4.80717572e-05,-6.15411595e-05
2.68897381e-09,1.80000000e+00,1.79998752e+00,1.80000000e+00,1.52288197e+00,6.09125628e-03,6.73926698e-01,0.00000000e+00,1.41826820e-06,1.68678040e-07,4.17011392e-06,4.71465384e-05,-5.93805356e-05
2.69813457e-09,1.80000000e+00,1.79999920e+00,1.80000000e+00,1.53367314e+00,6.13238989e-03,8.84537293e-01,0.00000000e+00,5.34845285e-07,1.55098049e-08,4.33277658e-06,4.48155122e-05,-5.71575243e-05
2.70729534e-09,1.80000000e+00,1.79999984e+00,1.80000000e+00,1.54781961e+00,6.58748406e-03,1.08156602e+00,0.00000000e+00,9.43140720e-07,2.75435104e-07,4.10409999e-06,4.12160847e-05,-5.32570045e-05
2.71645610e-09,1.80000000e+00,1.80000038e+00,1.80000000e+00,1.56931934e+00,8.61094267e-03,1.24839164e+00,0.00000000e+00,5.77251989e-07,3.29803145e-07,4.22021910e-06,3.16274787e-05,-4.60508066e-05
2.72561686e-09,1.80000000e+00,1.79999996e+00,1.80000000e+00,1.59880182e+00,1.04816790e-02,1.37569426e+00,0.00000000e+00,4.74880377e-07,3.90197270e-07,3.77587025e-06,2.39585652e-05,-3.87779145e-05
2.73477762e-09,1.80000000e+00,1.80000009e+00,1.80000000e+00,1.63237550e+00,9.95837439e-03,1.47306371e+00,0.00000000e+00,4.20081305e-07,1.06954002e-07,3.78148112e-06,1.85573103e-05,-3.27038481e-05
2.74393838e-09,1.80000000e+00,1.79999973e+00,1.80000000e+00,1.66481766e+00,8.58217027e-03,1.54901191e+00,0.00000000e+00,2.34346471e-07,2.68828980e-07,3.04626145e-06,1.46050901e-05,-2.62878428e-05
2.75309914e-09,1.80000000e+00,1.79999999e+00,1.80000000e+00,1.69334795e+00,7.04913227e-03,1.60829275e+00,0.00000000e+00,3.10969255e-07,2.34861723e-08,2.82660777e-06,1.12795890e-05,-2.13382945e-05
2.76225990e-09,1.80000000e+00,1.79999974e+00,1.80000000e+00,1.71713322e+00,5.62954367e-03,1.65427642e+00,0.00000000e+00,9.44964546e-08,2.04158054e-07,2.03584906e-06,8.79894708e-06,-1.64132078e-05
2.77142066e-09,1.80000000e+00,1.80000002e+00,1.80000000e+00,1.73630520e+00,4.41041228e-03,1.68967942e+00,0.00000000e+00,2.32546805e-07,-2.89166533e-08,1.88100458e-06,6.65959230e-06,-1.30772649e-05
2.78058142e-09,1.80000000e+00,1.79999978e+00,1.80000000e+00,1.75142151e+00,3.41194422e-03,1.71675669e+00,0.00000000e+00,9.37645413e-09,1.63565822e-07,1.20951669e-06,5.16356168e-06,-9.70551765e-06
2.79890295e-09,1.80000000e+00,1.80000008e+00,1.80000000e+00,1.77243146e+00,1.97225713e-03,1.75342794e+00,0.00000000e+00,1.59853725e-07,-7.18326575e-08,9.44736824e-07,2.84259541e-06,-5.86331646e-06
2.83554599e-09,1.80000000e+00,1.79999985e+00,1.80000000e+00,1.79237006e+00,5.55304296e-04,1.78726543e+00,0.00000000e+00,-8.42897827e-08,1.16257427e-07,8.02646804e-08,8.51147450e-07,-1.39276216e-06
2.87218904e-09,1.80000000e+00,1.80000014e+00,1.80000000e+00,1.79795622e+00,1.47998406e-04,1.79658576e+00,0.00000000e+00,1.07949084e-07,-1.02704146e-07,2.07614692e-07,1.66271247e-07,-6.19356018e-07
2.90883208e-09,1.80000000e+00,1.79999986e+00,1.80000000e+00,1.79945123e+00,4.07165381e-05,1.79909292e+00,0.00000000e+00,-1.04061517e-07,1.06658484e-07,-1.30493675e-07,1.07412646e-07,7.83111255e-08
2.94547513e-09,1.80000000e+00,1.80000014e+00,1.80000000e+00,1.79985656e+00,9.88886838e-06,1.79975689e+00,0.00000000e+00,1.07692605e-07,-1.05629136e-07,1.51455909e-07,-3.49327401e-08,-2.22524246e-07
3.01876121e-09,1.80000000e+00,1.79999986e+00,1.80000000e+00,1.80001026e+00,-1.23945010e-07,1.80002021e+00,0.00000000e+00,-1.08032397e-07,1.05855049e-07,-1.47557527e-07,4.93051947e-08,1.94311616e-07
3.05000000e-09,1.80000000e+00,1.80000014e+00,1.80000000e+00,1.80000329e+00,-9.38186223e-07,1.80000426e+00,0.00000000e+00,1.10085460e-07,-1.05925688e-07,1.47303584e-07,-5.13478909e-08,-1.90732168e-07
3.05125000e-09,1.80000000e+00,1.82640033e+00,1.80000000e+00,1.81605125e+00,4.50574939e-03,1.80452965e+00,4.50000000e-02,3.19397085e-03,6.13879559e-06,-1.25678895e-04,7.24062168e-06,7.73785756e-05
3.05215453e-09,1.80000000e+00,1.84134355e+00,1.80000000e+00,1.82483195e+00,6.72497460e-03,1.80792727e+00,7.75631678e-02,4.47279823e-03,4.31325858e-06,-1.30133359e-04,7.51242890e-06,8.16319271e-05
3.05305906e-09,1.80000000e+00,1.85452833e+00,1.80000000e+00,1.83248219e+00,8.53281789e-03,1.81137825e+00,1.10126336e-01,5.40141798e-03,2.94285263e-06,-1.33395929e-04,7.74844341e-06,8.50064341e-05
3.05486813e-09,1.80000000e+00,1.87365124e+00,1.80000000e+00,1.84329158e+00,1.04640955e-02,1.81846910e+00,1.75252671e-01,6.07328756e-03,1.55878355e-06,-1.37556030e-04,7.93003891e-06,8.91270588e-05
3.05667719e-09,1.80000000e+00,1.88685516e+00,1.80000000e+00,1.85092570e+00,1.12230063e-02,1.82563645e+00,2.40379007e-01,6.26628807e-03,1.10985879e-06,-1.38962176e-04,7.91758161e-06,9.10838944e-05
3.06029532e-09,1.80000000e+00,1.90671452e+00,1.80000000e+00,1.86373740e+00,1.19496469e-02,1.83993305e+00,3.70631678e-01,6.77963598e-03,9.31200856e-07,-1.40340554e-04,7.88793965e-06,9.21446618e-05
3.06391345e-09,1.80000000e+00,1.92447085e+00,1.80000000e+00,1.87647454e+00,1.30580473e-02,1.85456962e+00,5.00884350e-01,7.99444865e-03,1.34762953e-06,-1.41902323e-04,8.29341847e-06,9.10244251e-05
3.07114971e-09,1.80000000e+00,1.96880017e+00,1.80000000e+00,1.90572211e+00,1.71473393e-02,1.88082087e+00,7.61389693e-01,1.79692470e-02,2.68666538e-06,-1.47857525e-04,6.21753385e-06,8.19634091e-05
3.07838597e-09,1.80000000e+00,2.02943264e+00,1.80000000e+00,1.92409789e+00,1.37082478e-02,1.86625949e+00,1.02189504e+00,5.82764398e-02,4.77139480e-06,-1.38892300e-04,-1.42666512e-05,5.33230472e-05
3.08489861e-09,1.80000000e+00,2.10158470e+00,1.80000000e+00,1.89469239e+00,2.18383050e-03,1.78674123e+00,1.25634984e+00,1.17320441e-01,4.73645991e-06,-1.31258032e-04,-3.45727402e-05,3.30175393e-05
3.09043837e-09,1.80000000e+00,2.16630520e+00,1.80000000e+00,1.80639528e+00,-8.14142365e-03,1.66504462e+00,1.45578140e+00,1.72009703e-01,5.44389555e-06,-1.20375275e-04,-5.32985643e-05,1.63430114e-05
3.09542416e-09,1.80000000e+00,2.21705105e+00,1.80000000e+00,1.71052672e+00,-1.16733437e-02,1.51085670e+00,1.63526981e+00,2.24741325e-01,6.94483397e-06,-1.23441301e-04,-7.04033613e-05,1.00019202e-05
3.10000000e-09,1.80000000e+00,2.25393729e+00,1.80000000e+00,1.60248735e+00,-1.43321183e-02,1.33079187e+00,1.80000000e+00,2.74913463e-01,4.80183772e-06,-1.23151826e-04,-8.70015154e-05,7.63260223e-06
3.10031434e-09,1.78868378e+00,2.25082883e+00,1.80000000e+00,1.59135328e+00,-1.86284907e-02,1.31523659e+00,1.80000000e+00,2.71003494e-01,1.10137370e-04,-2.89528872e-05,-9.89712008e-05,-9.40114627e-05
3.10059616e-09,1.77853831e+00,2.24819084e+00,1.80000000e+00,1.58175292e+00,-2.17886205e-02,1.30129748e+00,1.80000000e+00,2.68397446e-01,1.14427075e-04,-2.41045107e-05,-9.89225224e-05,-9.62967681e-05
3.10115980e-09,1.75824736e+00,2.24282103e+00,1.80000000e+00,1.56289855e+00,-2.70526104e-02,1.27337529e+00,1.80000000e+00,2.64585381e-01,1.18166636e-04,-1.93807243e-05,-9.92346281e-05,-9.32106309e-05
3.10228707e-09,1.71766548e+00,2.23163152e+00,1.80000000e+00,1.52682709e+00,-3.30538334e-02,1.21748866e+00,1.80000000e+00,2.62792784e-01,1.21939243e-04,-1.44335667e-05,-9.90724316e-05,-8.82898158e-05
3.10454162e-09,1.63650170e+00,2.20732842e+00,1.80000000e+00,1.45819588e+00,-3.64655070e-02,1.10518378e+00,1.80000000e+00,2.69571757e-01,1.24284352e-04,-1.05251541e-05,-1.00177823e-04,-8.05046306e-05
3.10905072e-09,1.47417415e+00,2.15026721e+00,1.80000000e+00,1.33689882e+00,-3.37956367e-02,8.80316385e-01,1.80000000e+00,2.98575964e-01,1.23639206e-04,-7.86867011e-06,-9.93009785e-05,-6.86080758e-05
3.11355982e-09,1.31184660e+00,2.08076447e+00,1.80000000e+00,1.24281758e+00,-2.99966779e-02,6.78965490e-01,1.80000000e+00,3.42156821e-01,1.21979158e-04,-6.11922771e-06,-7.93164459e-05,-6.33644055e-05
3.11806892e-09,1.14951905e+00,1.99759595e+00,1.80000000e+00,1.16976614e+00,-2.61293801e-02,5.41954986e-01,1.80000000e+00,3.75809751e-01,1.21509176e-04,-1.22331654e-05,-4.22249222e-05,-5.84896824e-05
3.12209139e-09,1.00470983e+00,1.91179744e+00,1.80000000e+00,1.11295121e+00,-2.36482040e-02,4.72903534e-01,1.80000000e+00,3.82590222e-01,1.24040730e-04,-6.35872273e-06,-2.64406602e-05,-6.16914736e-05
3.12611387e-09,8.59900618e-01,1.81594325e+00,1.80000000e+00,1.06401684e+00,-2.12750744e-02,4.36879792e-01,1.80000000e+00,3.93447936e-01,1.24845116e-04,-4.90295109e-06,-9.38177544e-06,-6.14313855e-05
3.13013635e-09,7.15091402e-01,1.72299045e+00,1.80000000e+00,1.03581124e+00,-1.68897354e-02,4.20960828e-01,1.80000000e+00,4.01101840e-01,1.24993983e-04,-1.07322057e-06,-6.44823100e-06,-7.12600913e-05
3.13415883e-09,5.70282186e-01,1.62331637e+00,1.80000000e+00,1.04713942e+00,-6.21964872e-03,4.12503464e-01,1.80000000e+00,4.00276604e-01,1.12540933e-04,-2.33080173e-06,-1.96187135e-06,-7.25511619e-05
3.13818131e-09,4.25472970e-01,1.51588030e+00,1.80000000e+00,1.10565762e+00,7.37772725e-03,4.04930039e-01,1.80000000e+00,3.95878484e-01,1.09119466e-04,8.03111893e-07,-5.56923288e-06,-8.75064977e-05
3.14220378e-09,2.80663753e-01,1.40244044e+00,1.80000000e+00,1.20190206e+00,1.99257903e-02,3.99832367e-01,1.80000000e+00,3.91240688e-01,1.03269155e-04,-5.82249443e-07,5.00047496e-07,-9.49465739e-05
3.14622626e-09,1.35854537e-01,1.28434300e+00,1.80000000e+00,1.30680200e+00,2.67605397e-02,4.03573722e-01,1.80000000e+00,3.91763548e-01,1.08304893e-04,2.69888683e-06,3.22040011e-06,-1.14685936e-04
3.15000000e-09,-8.65973959e-15,1.17036346e+00,1.80000000e+00,1.38092257e+00,2.51104590e-02,4.20226173e-01,1.80000000e+00,4.03042467e-01,1.10672050e-04,1.85907712e-06,1.44304860e-05,-1.21876533e-04
3.15040225e-09,0.00000000e+00,1.16586573e+00,1.80000000e+00,1.39226670e+00,2.75483263e-02,4.22994753e-01,1.80000000e+00,4.07681121e-01,2.44798881e-06,1.21640209e-05,1.37655449e-05,-6.27770703e-05
3.15076427e-09,0.00000000e+00,1.16187882e+00,1.80000000e+00,1.40159089e+00,2.92164188e-02,4.25728665e-01,1.80000000e+00,4.11423054e-01,1.18194245e-06,1.10033491e-05,1.51035222e-05,-6.27087951e-05
3.15148832e-09,0.00000000e+00,1.15412708e+00,1.80000000e+00,1.41868333e+00,3.17204516e-02,4.31631639e-01,1.80000000e+00,4.18398346e-01,5.84309043e-07,9.61507804e-06,1.75075193e-05,-6.39553993e-05
3.15293641e-09,0.00000000e+00,1.13991635e+00,1.80000000e+00,1.44569161e+00,3.31620620e-02,4.45510195e-01,1.80000000e+00,4.31350886e-01,-5.54429215e-07,8.82480014e-06,2.08285945e-05,-6.52257238e-05
3.15438450e-09,0.00000000e+00,1.12723529e+00,1.80000000e+00,1.46541995e+00,3.17413901e-02,4.61522837e-01,1.80000000e+00,4.45160321e-01,-8.84536350e-07,8.96073250e-06,2.34024066e-05,-6.57951755e-05
3.15728069e-09,0.00000000e+00,1.10550455e+00,1.80000000e+00,1.49125690e+00,2.62495502e-02,4.98152262e-01,1.80000000e+00,4.77386167e-01,-1.32293313e-06,1.01363853e-05,2.71875028e-05,-6.56107118e-05
3.16017687e-09,0.00000000e+00,1.08767742e+00,1.80000000e+00,1.50571843e+00,2.05713062e-02,5.39327436e-01,1.80000000e+00,5.14498297e-01,-1.02762436e-06,1.12286224e-05,2.96806651e-05,-6.48770592e-05
3.16307305e-09,0.00000000e+00,1.07277546e+00,1.80000000e+00,1.51424589e+00,1.62719219e-02,5.83365330e-01,1.80000000e+00,5.54586865e-01,-7.64166754e-07,1.20542217e-05,3.11412836e-05,-6.39844467e-05
3.16886542e-09,0.00000000e+00,1.04897583e+00,1.80000000e+00,1.52384793e+00,1.11883431e-02,6.75735643e-01,1.80000000e+00,6.37700536e-01,4.95763689e-08,1.26012616e-05,3.26463093e-05,-6.24073983e-05
3.17465779e-09,0.00000000e+00,1.03090990e+00,1.80000000e+00,1.52950318e+00,8.97570585e-03,7.71279638e-01,1.80000000e+00,7.19076928e-01,4.15535551e-07,1.22515641e-05,3.33329132e-05,-6.08760624e-05
3.18045016e-09,0.00000000e+00,1.01656720e+00,1.80000000e+00,1.53476899e+00,8.01601602e-03,8.69484505e-01,1.80000000e+00,7.91841170e-01,6.90739951e-07,1.08744789e-05,3.44838108e-05,-5.93122215e-05
3.18624253e-09,0.00000000e+00,1.00479042e+00,1.80000000e+00,1.54091772e+00,7.76883933e-03,9.72804860e-01,1.80000000e+00,8.50034512e-01,5.54381581e-07,8.28285807e-06,3.68654842e-05,-5.71889814e-05
3.19203490e-09,0.00000000e+00,9.94868837e-01,1.80000000e+00,1.54905518e+00,8.10368103e-03,1.08051080e+00,1.80000000e+00,8.92063720e-01,7.21335263e-07,5.85620372e-06,3.75123346e-05,-5.43795123e-05
3.19782727e-09,0.00000000e+00,9.86340972e-01,1.80000000e+00,1.56037594e+00,9.02483268e-03,1.18334576e+00,1.80000000e+00,9.21098801e-01,8.55263938e-07,4.97087139e-06,3.35017668e-05,-5.03011650e-05
3.20361963e-09,0.00000000e+00,9.78889327e-01,1.80000000e+00,1.57526644e+00,1.03578757e-02,1.27356983e+00,1.80000000e+00,9.42758492e-01,1.33692750e-06,3.85509637e-06,2.88037076e-05,-4.55338288e-05
3.20941200e-09,0.00000000e+00,9.72272152e-01,1.80000000e+00,1.59315876e+00,1.11941131e-02,1.35035304e+00,1.80000000e+00,9.59931098e-01,1.43705697e-06,3.41946750e-06,2.42199993e-05,-4.12874902e-05
3.21520437e-09,0.00000000e+00,9.66319224e-01,1.80000000e+00,1.61293763e+00,1.12125666e-02,1.41590393e+00,1.80000000e+00,9.74060114e-01,1.75620972e-06,2.63163465e-06,2.10470712e-05,-3.70652481e-05
3.22099674e-09,0.00000000e+00,9.60912884e-01,1.80000000e+00,1.63332641e+00,1.06718908e-02,1.47224451e+00,1.80000000e+00,9.85982129e-01,1.65734129e-06,2.47676972e-06,1.78596878e-05,-3.31791547e-05
3.23258148e-09,0.00000000e+00,9.51378030e-01,1.80000000e+00,1.67193148e+00,8.94285344e-03,1.56282141e+00,1.80000000e+00,1.00529034e+00,1.71549491e-06,1.58681207e-06,1.34148776e-05,-2.56884212e-05
3.24416622e-09,0.00000000e+00,9.43211721e-01,1.80000000e+00,1.70483136e+00,6.98963759e-03,1.62962262e+00,1.80000000e+00,1.02017604e+00,1.25990903e-06,1.40402702e-06,9.65036921e-06,-1.95450198e-05
3.25575095e-09,0.00000000e+00,9.36082586e-01,1.80000000e+00,1.73060195e+00,5.32314283e-03,1.67839487e+00,1.80000000e+00,1.03207795e+00,1.09157852e-06,8.13184578e-07,7.18980775e-06,-1.43524955e-05
3.26733569e-09,0.00000000e+00,9.29762172e-01,1.80000000e+00,1.75000851e+00,3.99291334e-03,1.71355016e+00,1.80000000e+00,1.04185247e+00,6.52138483e-07,8.33005026e-07,4.94867709e-06,-1.06248152e-05
3.27892043e-09,0.00000000e+00,9.24089168e-01,1.80000000e+00,1.76423844e+00,2.98038233e-03,1.73865752e+00,1.80000000e+00,1.05004836e+00,5.74998553e-07,3.94105382e-07,3.72043944e-06,-7.58579710e-06
3.30208990e-09,0.00000000e+00,9.14199019e-01,1.80000000e+00,1.78218048e+00,1.65395152e-03,1.76966701e+00,1.80000000e+00,1.06321347e+00,1.16076966e-07,4.29926048e-07,1.63306682e-06,-4.01575711e-06
3.34842885e-09,0.00000000e+00,8.98404251e-01,1.80000000e+00,1.79631189e+00,5.44558408e-04,1.79361087e+00,1.80000000e+00,1.08171385e+00,2.38569044e-08,-2.22317612e-08,4.33778802e-07,-8.78032563e-07
3.44110675e-09,0.00000000e+00,8.75775449e-01,1.80000000e+00,1.80003101e+00,1.76646432e-04,1.79992492e+00,1.80000000e+00,1.10407427e+00,-1.59491687e-07,1.63808098e-07,-1.61262960e-07,-1.77494220e-07
3.52168096e-09,0.00000000e+00,8.61805741e-01,1.80000000e+00,1.79963147e+00,1.63624542e-04,1.79930069e+00,1.80000000e+00,1.11587499e+00,2.20458430e-08,-1.04678881e-07,1.30273781e-07,-8.78359446e-08
3.60000000e-09,0.00000000e+00,8.50947164e-01,1.80000000e+00,1.79977951e+00,1.26105285e-04,1.79956363e+00,1.80000000e+00,1.12441476e+00,-1.20306872e-07,1.48870714e-07,-1.16844511e-07,-1.85805988e-07
3.60125000e-09,0.00000000e+00,8.46097963e-01,1.80000000e+00,1.79703969e+00,-6.06589374e-03,1.79572612e+00,1.75500000e+00,1.10398983e+00,-7.07437387e-06,9.89178719e-05,-6.14000466e-06,-5.21129547e-05
3.60219657e-09,0.00000000e+00,8.42430012e-01,1.80000000e+00,1.79538782e+00,-9.57764457e-03,1.79322010e+00,1.72092338e+00,1.08886045e+00,-6.39098458e-06,9.93339253e-05,-5.29493645e-06,-5.16504285e-05
3.60408972e-09,0.00000000e+00,8.34896018e-01,1.80000000e+00,1.79258596e+00,-1.49677657e-02,1.78881323e+00,1.65277015e+00,1.05943192e+00,-5.52622341e-06,9.87229493e-05,-4.01628246e-06,-4.98620572e-05
3.60787601e-09,0.00000000e+00,8.18457350e-01,1.80000000e+00,1.78855475e+00,-2.03567643e-02,1.78223963e+00,1.51646368e+00,1.00355172e+00,-5.07869009e-06,9.87374374e-05,-2.92835310e-06,-4.93270027e-05
3.61544859e-09,0.00000000e+00,7.68705346e-01,1.80000000e+00,1.78012003e+00,-2.73309375e-02,1.77198217e+00,1.24385074e+00,9.00149222e-01,-6.19108318e-06,1.02514593e-04,-2.48985595e-06,-5.29245419e-05
3.62302117e-09,0.00000000e+00,6.58054277e-01,1.80000000e+00,1.76307380e+00,-4.05129518e-02,1.75959048e+00,9.71237795e-01,8.02413844e-01,-9.38294955e-06,1.26628019e-04,-4.05570209e-06,-7.48519748e-05
3.62955350e-09,0.00000000e+00,5.76292759e-01,1.80000000e+00,1.74373361e+00,-6.46659181e-02,1.74359892e+00,7.36074127e-01,7.20348028e-01,-4.47019480e-06,1.35808629e-04,-5.73656261e-06,-9.31247439e-05
3.63021019e-09,0.00000000e+00,5.77397048e-01,1.80000000e+00,1.74222937e+00,-6.78002034e-02,1.74174397e+00,7.12433222e-01,7.12185351e-01,-4.40621963e-06,1.35667763e-04,-5.64937989e-06,-9.41840040e-05
3.63086688e-09,0.00000000e+00,5.79908527e-01,1.80000000e+00,1.74074171e+00,-7.09326516e-02,1.73989890e+00,6.88792316e-01,7.04037400e-01,-3.75536804e-06,1.36201082e-04,-5.58915321e-06,-9.63677112e-05
3.63218026e-09,0.00000000e+00,5.94370952e-01,1.80000000e+00,1.73805948e+00,-7.73514912e-02,1.73624060e+00,6.41510505e-01,6.87786054e-01,-2.02240822e-06,1.36579710e-04,-5.55244578e-06,-9.95763105e-05
3.63349365e-09,0.00000000e+00,6.21858593e-01,1.80000000e+00,1.73577881e+00,-8.38856175e-02,1.73267387e+00,5.94228694e-01,6.71592549e-01,5.68730123e-08,1.37147748e-04,-5.31027467e-06,-1.03546174e-04
3.63480703e-09,0.00000000e+00,6.62046378e-01,1.80000000e+00,1.73387352e+00,-9.05211206e-02,1.72923207e+00,5.46946882e-01,6.55456878e-01,2.97499494e-06,1.37300385e-04,-5.17196513e-06,-1.06984360e-04
3.63612041e-09,0.00000000e+00,7.13220941e-01,1.80000000e+00,1.73227682e+00,-9.74154689e-02,1.72589954e+00,4.99665071e-01,6.39378199e-01,6.89431988e-06,1.37531993e-04,-4.97750072e-06,-1.11596846e-04
3.63743380e-09,0.00000000e+00,7.72426610e-01,1.80000000e+00,1.73089269e+00,-1.04878104e-01,1.72261703e+00,4.52383260e-01,6.23356992e-01,1.23307401e-05,1.37242115e-04,-5.01958814e-06,-1.16099649e-04
3.64006057e-09,0.00000000e+00,9.02962305e-01,1.80000000e+00,1.72842633e+00,-1.22685041e-01,1.71597628e+00,3.57819638e-01,5.91486501e-01,2.55386488e-05,1.36854419e-04,-5.09284607e-06,-1.27605652e-04
3.64268733e-09,0.00000000e+00,1.03877764e+00,1.80000000e+00,1.72650850e+00,-1.43169467e-01,1.70960778e+00,2.63256015e-01,5.59848703e-01,3.73929829e-05,1.37143882e-04,-4.60500293e-06,-1.39017154e-04
3.64355676e-09,0.00000000e+00,1.08449803e+00,1.80000000e+00,1.72627488e+00,-1.49245303e-01,1.70795458e+00,2.31956674e-01,5.49429042e-01,3.83148163e-05,1.37885513e-04,-3.80296752e-06,-1.42414032e-04
3.64529561e-09,0.00000000e+00,1.17035156e+00,1.80000000e+00,1.72646006e+00,-1.58611683e-01,1.70555962e+00,1.69357993e-01,5.28668073e-01,3.91075469e-05,1.39903378e-04,-1.70632356e-06,-1.49542675e-04
3.64703446e-09,0.00000000e+00,1.24581347e+00,1.80000000e+00,1.72809931e+00,-1.61142487e-01,1.70526241e+00,1.06759311e-01,5.08014441e-01,3.43399337e-05,1.43121322e-04,1.02262380e-06,-1.54743060e-04
3.64877332e-09,0.00000000e+00,1.30567710e+00,1.80000000e+00,1.73119046e+00,-1.55398677e-01,1.70730862e+00,4.41606294e-02,4.87469043e-01,2.78316081e-05,1.47643077e-04,3.68442263e-06,-1.59107009e-04
3.65000000e-09,0.00000000e+00,1.33814968e+00,1.80000000e+00,1.73406595e+00,-1.46533251e-01,1.71004128e+00,1.75415238e-14,4.73042391e-01,2.29558553e-05,1.50243207e-04,5.22629868e-06,-1.60751679e-04
3.65017389e-09,0.00000000e+00,1.34453286e+00,1.80000000e+00,1.73608496e+00,-1.44471502e-01,1.71094438e+00,0.00000000e+00,4.73078188e-01,4.42178817e-05,2.01900232e-05,1.03872624e-05,-8.44194630e-05
3.65034777e-09,0.00000000e+00,1.35057813e+00,1.80000000e+00,1.73799918e+00,-1.42331340e-01,1.71187651e+00,0.00000000e+00,4.73079594e-01,4.18125257e-05,1.87085734e-05,1.07211713e-05,-8.21151112e-05
3.65069554e-09,0.00000000e+00,1.36207902e+00,1.80000000e+00,1.74171399e+00,-1.37850440e-01,1.71381624e+00,0.00000000e+00,4.73079724e-01,3.86057707e-05,1.84392062e-05,1.15892802e-05,-8.04864441e-05
3.65139108e-09,0.00000000e+00,1.38223200e+00,1.80000000e+00,1.74855138e+00,-1.27814072e-01,1.71809110e+00,0.00000000e+00,4.73079655e-01,3.40166890e-05,1.75008335e-05,1.29951224e-05,-7.78228788e-05
3.65278216e-09,0.00000000e+00,1.41359178e+00,1.80000000e+00,1.76032992e+00,-1.04165682e-01,1.72779824e+00,0.00000000e+00,4.73079811e-01,2.62700794e-05,1.58939339e-05,1.49173676e-05,-7.26033010e-05
3.65417325e-09,0.00000000e+00,1.43609925e+00,1.80000000e+00,1.77016041e+00,-7.66872799e-02,1.73851094e+00,0.00000000e+00,4.73079753e-01,2.16855850e-05,1.40286412e-05,1.58865842e-05,-6.81536195e-05
3.65556433e-09,0.00000000e+00,1.45251754e+00,1.80000000e+00,1.77860737e+00,-4.63378909e-02,1.74969986e+00,0.00000000e+00,4.73079881e-01,1.77268444e-05,1.29007755e-05,1.62866868e-05,-6.40092838e-05
3.65834649e-09,0.00000000e+00,1.47413519e+00,1.80000000e+00,1.79265841e+00,1.98510085e-02,1.77208331e+00,0.00000000e+00,4.73079828e-01,1.36132970e-05,1.05805684e-05,1.58946780e-05,-5.72391717e-05
3.66391082e-09,0.00000000e+00,1.49520550e+00,1.80000000e+00,1.81688911e+00,1.63686434e-01,1.81415676e+00,0.00000000e+00,4.73079987e-01,9.59292618e-06,8.81761158e-06,1.43504499e-05,-4.89587521e-05
3.66947515e-09,0.00000000e+00,1.50437952e+00,1.80000000e+00,1.83277045e+00,3.11739642e-01,1.85251440e+00,0.00000000e+00,4.73079960e-01,7.96263865e-06,6.84430532e-06,1.32235155e-05,-4.20075191e-05
3.67503947e-09,0.00000000e+00,1.51101595e+00,1.80000000e+00,1.84098186e+00,4.56195479e-01,1.88395025e+00,0.00000000e+00,4.73080056e-01,6.83298117e-06,6.17089448e-06,9.37461274e-06,-3.59853890e-05
3.68060380e-09,0.00000000e+00,1.51721204e+00,1.80000000e+00,1.84449661e+00,5.94662228e-01,1.91003466e+00,0.00000000e+00,4.73080021e-01,6.37560023e-06,5.11670502e-06,9.37656046e-06,-3.42231788e-05
3.68616813e-09,0.00000000e+00,1.52348002e+00,1.80000000e+00,1.84380579e+00,7.25192129e-01,1.92853510e+00,0.00000000e+00,4.73080059e-01,5.37239379e-06,4.37031472e-06,3.92275287e-06,-3.30370135e-05
3.69173245e-09,0.00000000e+00,1.52996273e+00,1.80000000e+00,1.83857765e+00,8.44796566e-01,1.92587092e+00,0.00000000e+00,4.73079788e-01,4.72698623e-06,2.33156206e-06,-5.83793894e-06,-3.72168097e-05
3.69729678e-09,0.00000000e+00,1.53677308e+00,1.80000000e+00,1.82967255e+00,9.51089657e-01,1.88438433e+00,0.00000000e+00,4.73079449e-01,3.85633167e-06,6.39998697e-07,-2.39853114e-05,-4.19427652e-05
3.70286111e-09,0.00000000e+00,1.54445242e+00,1.80000000e+00,1.82060559e+00,1.04890191e+00,1.79129763e+00,0.00000000e+00,4.73078757e-01,4.80637452e-06,-9.63012956e-07,-4.29314580e-05,-4.87006807e-05
3.70842544e-09,0.00000000e+00,1.55460173e+00,1.80000000e+00,1.81303190e+00,1.15044518e+00,1.62779294e+00,0.00000000e+00,4.73077791e-01,6.73982189e-06,-2.39203553e-06,-7.46063398e-05,-4.72527030e-05
3.71343333e-09,0.00000000e+00,1.56658161e+00,1.80000000e+00,1.80735184e+00,1.23191830e+00,1.42246362e+00,0.00000000e+00,4.73076748e-01,7.79423847e-06,-4.39880549e-06,-8.93981691e-05,-4.81567553e-05
3.71844123e-09,0.00000000e+00,1.58090984e+00,1.80000000e+00,1.80453196e+00,1.29949390e+00,1.17776581e+00,0.00000000e+00,4.73075684e-01,8.87489758e-06,-4.56149856e-06,-1.06051485e-04,-4.75939154e-05
3.72344912e-09,0.00000000e+00,1.59655310e+00,1.80000000e+00,1.80306119e+00,1.35573640e+00,9.06253963e-01,0.00000000e+00,4.73074411e-01,8.16193907e-06,-6.14188328e-06,-1.10815576e-04,-4.57092450e-05
3.72845701e-09,0.00000000e+00,1.61243275e+00,1.80000000e+00,1.80222055e+00,1.40337737e+00,6.20630764e-01,0.00000000e+00,4.73073018e-01,8.16287993e-06,-5.72961622e-06,-1.17322775e-04,-4.33598895e-05
3.73263948e-09,0.00000000e+00,1.62495619e+00,1.80000000e+00,1.80186898e+00,1.43608265e+00,3.90441709e-01,0.00000000e+00,4.73074949e-01,7.28116629e-06,-5.89982393e-06,-1.10073377e-04,-4.10642924e-05
3.73447390e-09,0.00000000e+00,1.63025658e+00,1.80000000e+00,1.80166445e+00,1.44840950e+00,3.00734554e-01,0.00000000e+00,4.73083969e-01,6.55899350e-06,-5.15822740e-06,-9.78043898e-05,-3.98430214e-05
3.73630832e-09,0.00000000e+00,1.63544762e+00,1.80000000e+00,1.80143067e+00,1.45940331e+00,2.21280499e-01,0.00000000e+00,4.73104456e-01,5.54333927e-06,-3.67263805e-06,-7.54472396e-05,-3.84233255e-05
3.73814274e-09,0.00000000e+00,1.64019191e+00,1.80000000e+00,1.80134453e+00,1.47083107e+00,1.58301359e-01,0.00000000e+00,4.73139472e-01,6.73119750e-06,-2.38043703e-06,-6.18804112e-05,-3.46052598e-05
3.73997716e-09,0.00000000e+00,1.64468896e+00,1.80000000e+00,1.80136885e+00,1.48340784e+00,1.11037586e-01,0.00000000e+00,4.73183990e-01,6.39685675e-06,-8.02112518e-07,-4.11794729e-05,-3.22878841e-05
3.74181158e-09,0.00000000e+00,1.64921892e+00,1.80000000e+00,1.80144065e+00,1.49709115e+00,7.69850964e-02,0.00000000e+00,4.73232551e-01,7.76953063e-06,1.91766835e-07,-3.30728640e-05,-2.87663676e-05
3.74364600e-09,0.00000000e+00,1.65397687e+00,1.80000000e+00,1.80150381e+00,1.51146119e+00,5.31759818e-02,0.00000000e+00,4.73276670e-01,7.21979834e-06,1.27162676e-06,-1.88435284e-05,-2.71738275e-05
3.74731484e-09,0.00000000e+00,1.66437801e+00,1.80000000e+00,1.80153709e+00,1.54060600e+00,2.53360237e-02,0.00000000e+00,4.73343963e-01,8.41100026e-06,2.25617808e-06,-1.15093472e-05,-2.27893053e-05
3.75465252e-09,0.00000000e+00,1.68705770e+00,1.80000000e+00,1.80131328e+00,1.59444754e+00,6.61383835e-03,0.00000000e+00,4.73399878e-01,6.85711091e-06,3.04185249e-06,1.30329445e-06,-1.86579319e-05
3.76199020e-09,0.00000000e+00,1.70913366e+00,1.80000000e+00,1.80099601e+00,1.63897578e+00,4.19351299e-03,0.00000000e+00,4.73408242e-01,6.52141946e-06,2.54635351e-06,-2.62269002e-06,-1.44664846e-05
3.76932788e-09,0.00000000e+00,1.72800425e+00,1.80000000e+00,1.80075156e+00,1.67426024e+00,3.14223774e-03,0.00000000e+00,4.73411367e-01,4.40977854e-06,2.22664875e-06,2.04960677e-06,-1.22303873e-05
3.77666556e-09,0.00000000e+00,1.74334844e+00,1.80000000e+00,1.80057669e+00,1.70210277e+00,2.40478362e-03,0.00000000e+00,4.73414211e-01,4.34718192e-06,1.67079716e-06,-2.45161624e-06,-9.05579757e-06
3.79134091e-09,0.00000000e+00,1.76561929e+00,1.80000000e+00,1.80033561e+00,1.74142145e+00,1.39570698e-03,0.00000000e+00,4.73417243e-01,1.91897329e-06,1.16926509e-06,2.17657651e-06,-6.13700369e-06
3.82069163e-09,0.00000000e+00,1.78863146e+00,1.80000000e+00,1.80010872e+00,1.78088042e+00,4.48994297e-04,0.00000000e+00,4.73420810e-01,1.27100557e-06,3.06862566e-07,-2.30559723e-06,-1.57353482e-06
3.85004235e-09,0.00000000e+00,1.79635151e+00,1.80000000e+00,1.80003516e+00,1.79386226e+00,1.41593981e-04,0.00000000e+00,4.73421443e-01,-2.12183667e-07,1.89946788e-07,2.26370384e-06,-9.83899864e-07
3.87939306e-09,0.00000000e+00,1.79882979e+00,1.80000000e+00,1.80001124e+00,1.79805057e+00,4.78643039e-05,0.00000000e+00,4.73422077e-01,5.53908779e-07,-2.97012174e-08,-2.27647758e-06,1.60254968e-07
3.90874378e-09,0.00000000e+00,1.79963180e+00,1.80000000e+00,1.80000333e+00,1.79937380e+00,1.18058956e-05,0.00000000e+00,4.73421773e-01,-4.45430759e-07,8.11292759e-08,2.27156344e-06,-4.23320720e-07
3.96744521e-09,0.00000000e+00,1.80000494e+00,1.80000000e+00,1.80000022e+00,1.80001624e+00,2.56557824e-06,0.00000000e+00,4.73422053e-01,4.71569142e-07,-6.89506058e-08,-2.27219309e-06,3.60842379e-07
4.00000000e-09,0.00000000e+00,1.80000244e+00,1.80000000e+00,1.79999963e+00,1.79999778e+00,-3.10646335e-06,0.00000000e+00,4.73421636e-01,-4.72764918e-07,6.85614261e-08,2.27149617e-06,-3.59082425e-07
